"region","year","min_percent_canopy_density","loss_ha","gain_ha"
"Amazonas",2000,10,0,0
"Amazonas",2000,15,0,0
"Amazonas",2000,20,0,0
"Amazonas",2000,25,0,0
"Amazonas",2000,30,0,0
"Amazonas",2000,50,0,0
"Amazonas",2000,75,0,0
"Amazonas",2001,10,3467,479.25
"Amazonas",2001,15,3464,479.25
"Amazonas",2001,20,3457,479.25
"Amazonas",2001,25,3454,479.25
"Amazonas",2001,30,3449,479.25
"Amazonas",2001,50,3344,479.25
"Amazonas",2001,75,3097,479.25
"Amazonas",2002,10,3528,479.25
"Amazonas",2002,15,3527,479.25
"Amazonas",2002,20,3526,479.25
"Amazonas",2002,25,3525,479.25
"Amazonas",2002,30,3523,479.25
"Amazonas",2002,50,3496,479.25
"Amazonas",2002,75,3412,479.25
"Amazonas",2003,10,4291,479.25
"Amazonas",2003,15,4289,479.25
"Amazonas",2003,20,4286,479.25
"Amazonas",2003,25,4282,479.25
"Amazonas",2003,30,4278,479.25
"Amazonas",2003,50,4219,479.25
"Amazonas",2003,75,4043,479.25
"Amazonas",2004,10,3651,479.25
"Amazonas",2004,15,3649,479.25
"Amazonas",2004,20,3645,479.25
"Amazonas",2004,25,3644,479.25
"Amazonas",2004,30,3642,479.25
"Amazonas",2004,50,3608,479.25
"Amazonas",2004,75,3466,479.25
"Amazonas",2005,10,3832,479.25
"Amazonas",2005,15,3831,479.25
"Amazonas",2005,20,3829,479.25
"Amazonas",2005,25,3828,479.25
"Amazonas",2005,30,3825,479.25
"Amazonas",2005,50,3790,479.25
"Amazonas",2005,75,3675,479.25
"Amazonas",2006,10,4291,479.25
"Amazonas",2006,15,4286,479.25
"Amazonas",2006,20,4282,479.25
"Amazonas",2006,25,4279,479.25
"Amazonas",2006,30,4275,479.25
"Amazonas",2006,50,4195,479.25
"Amazonas",2006,75,3983,479.25
"Amazonas",2007,10,5548,479.25
"Amazonas",2007,15,5546,479.25
"Amazonas",2007,20,5543,479.25
"Amazonas",2007,25,5541,479.25
"Amazonas",2007,30,5539,479.25
"Amazonas",2007,50,5500,479.25
"Amazonas",2007,75,5358,479.25
"Amazonas",2008,10,3236,479.25
"Amazonas",2008,15,3235,479.25
"Amazonas",2008,20,3232,479.25
"Amazonas",2008,25,3230,479.25
"Amazonas",2008,30,3228,479.25
"Amazonas",2008,50,3191,479.25
"Amazonas",2008,75,3081,479.25
"Amazonas",2009,10,5917,479.25
"Amazonas",2009,15,5913,479.25
"Amazonas",2009,20,5908,479.25
"Amazonas",2009,25,5903,479.25
"Amazonas",2009,30,5897,479.25
"Amazonas",2009,50,5796,479.25
"Amazonas",2009,75,5538,479.25
"Amazonas",2010,10,4414,479.25
"Amazonas",2010,15,4410,479.25
"Amazonas",2010,20,4406,479.25
"Amazonas",2010,25,4404,479.25
"Amazonas",2010,30,4400,479.25
"Amazonas",2010,50,4344,479.25
"Amazonas",2010,75,4184,479.25
"Amazonas",2011,10,3571,479.25
"Amazonas",2011,15,3569,479.25
"Amazonas",2011,20,3566,479.25
"Amazonas",2011,25,3565,479.25
"Amazonas",2011,30,3562,479.25
"Amazonas",2011,50,3517,479.25
"Amazonas",2011,75,3396,479.25
"Amazonas",2012,10,8203,479.25
"Amazonas",2012,15,8197,479.25
"Amazonas",2012,20,8191,479.25
"Amazonas",2012,25,8188,479.25
"Amazonas",2012,30,8182,479.25
"Amazonas",2012,50,8091,479.25
"Amazonas",2012,75,7751,479.25
"Ancash",2000,10,0,0
"Ancash",2000,15,0,0
"Ancash",2000,20,0,0
"Ancash",2000,25,0,0
"Ancash",2000,30,0,0
"Ancash",2000,50,0,0
"Ancash",2000,75,0,0
"Ancash",2001,10,116,37.75
"Ancash",2001,15,113,37.75
"Ancash",2001,20,110,37.75
"Ancash",2001,25,109,37.75
"Ancash",2001,30,106,37.75
"Ancash",2001,50,88,37.75
"Ancash",2001,75,63,37.75
"Ancash",2002,10,35,37.75
"Ancash",2002,15,34,37.75
"Ancash",2002,20,34,37.75
"Ancash",2002,25,34,37.75
"Ancash",2002,30,33,37.75
"Ancash",2002,50,28,37.75
"Ancash",2002,75,19,37.75
"Ancash",2003,10,28,37.75
"Ancash",2003,15,27,37.75
"Ancash",2003,20,26,37.75
"Ancash",2003,25,26,37.75
"Ancash",2003,30,26,37.75
"Ancash",2003,50,21,37.75
"Ancash",2003,75,15,37.75
"Ancash",2004,10,46,37.75
"Ancash",2004,15,45,37.75
"Ancash",2004,20,44,37.75
"Ancash",2004,25,43,37.75
"Ancash",2004,30,43,37.75
"Ancash",2004,50,36,37.75
"Ancash",2004,75,27,37.75
"Ancash",2005,10,65,37.75
"Ancash",2005,15,63,37.75
"Ancash",2005,20,61,37.75
"Ancash",2005,25,60,37.75
"Ancash",2005,30,59,37.75
"Ancash",2005,50,51,37.75
"Ancash",2005,75,37,37.75
"Ancash",2006,10,32,37.75
"Ancash",2006,15,32,37.75
"Ancash",2006,20,31,37.75
"Ancash",2006,25,31,37.75
"Ancash",2006,30,31,37.75
"Ancash",2006,50,27,37.75
"Ancash",2006,75,19,37.75
"Ancash",2007,10,29,37.75
"Ancash",2007,15,28,37.75
"Ancash",2007,20,28,37.75
"Ancash",2007,25,28,37.75
"Ancash",2007,30,28,37.75
"Ancash",2007,50,23,37.75
"Ancash",2007,75,18,37.75
"Ancash",2008,10,31,37.75
"Ancash",2008,15,31,37.75
"Ancash",2008,20,30,37.75
"Ancash",2008,25,30,37.75
"Ancash",2008,30,30,37.75
"Ancash",2008,50,26,37.75
"Ancash",2008,75,20,37.75
"Ancash",2009,10,58,37.75
"Ancash",2009,15,57,37.75
"Ancash",2009,20,56,37.75
"Ancash",2009,25,56,37.75
"Ancash",2009,30,55,37.75
"Ancash",2009,50,45,37.75
"Ancash",2009,75,32,37.75
"Ancash",2010,10,55,37.75
"Ancash",2010,15,54,37.75
"Ancash",2010,20,53,37.75
"Ancash",2010,25,53,37.75
"Ancash",2010,30,52,37.75
"Ancash",2010,50,41,37.75
"Ancash",2010,75,27,37.75
"Ancash",2011,10,35,37.75
"Ancash",2011,15,35,37.75
"Ancash",2011,20,35,37.75
"Ancash",2011,25,35,37.75
"Ancash",2011,30,35,37.75
"Ancash",2011,50,31,37.75
"Ancash",2011,75,22,37.75
"Ancash",2012,10,57,37.75
"Ancash",2012,15,56,37.75
"Ancash",2012,20,55,37.75
"Ancash",2012,25,55,37.75
"Ancash",2012,30,53,37.75
"Ancash",2012,50,46,37.75
"Ancash",2012,75,33,37.75
"Apur\u00edmac",2000,10,0,0
"Apur\u00edmac",2000,15,0,0
"Apur\u00edmac",2000,20,0,0
"Apur\u00edmac",2000,25,0,0
"Apur\u00edmac",2000,30,0,0
"Apur\u00edmac",2000,50,0,0
"Apur\u00edmac",2000,75,0,0
"Apur\u00edmac",2001,10,106,35.4166666666667
"Apur\u00edmac",2001,15,104,35.4166666666667
"Apur\u00edmac",2001,20,101,35.4166666666667
"Apur\u00edmac",2001,25,101,35.4166666666667
"Apur\u00edmac",2001,30,99,35.4166666666667
"Apur\u00edmac",2001,50,71,35.4166666666667
"Apur\u00edmac",2001,75,48,35.4166666666667
"Apur\u00edmac",2002,10,185,35.4166666666667
"Apur\u00edmac",2002,15,182,35.4166666666667
"Apur\u00edmac",2002,20,178,35.4166666666667
"Apur\u00edmac",2002,25,173,35.4166666666667
"Apur\u00edmac",2002,30,170,35.4166666666667
"Apur\u00edmac",2002,50,130,35.4166666666667
"Apur\u00edmac",2002,75,76,35.4166666666667
"Apur\u00edmac",2003,10,248,35.4166666666667
"Apur\u00edmac",2003,15,242,35.4166666666667
"Apur\u00edmac",2003,20,236,35.4166666666667
"Apur\u00edmac",2003,25,233,35.4166666666667
"Apur\u00edmac",2003,30,230,35.4166666666667
"Apur\u00edmac",2003,50,144,35.4166666666667
"Apur\u00edmac",2003,75,69,35.4166666666667
"Apur\u00edmac",2004,10,202,35.4166666666667
"Apur\u00edmac",2004,15,198,35.4166666666667
"Apur\u00edmac",2004,20,192,35.4166666666667
"Apur\u00edmac",2004,25,188,35.4166666666667
"Apur\u00edmac",2004,30,187,35.4166666666667
"Apur\u00edmac",2004,50,121,35.4166666666667
"Apur\u00edmac",2004,75,63,35.4166666666667
"Apur\u00edmac",2005,10,152,35.4166666666667
"Apur\u00edmac",2005,15,149,35.4166666666667
"Apur\u00edmac",2005,20,146,35.4166666666667
"Apur\u00edmac",2005,25,144,35.4166666666667
"Apur\u00edmac",2005,30,142,35.4166666666667
"Apur\u00edmac",2005,50,110,35.4166666666667
"Apur\u00edmac",2005,75,66,35.4166666666667
"Apur\u00edmac",2006,10,78,35.4166666666667
"Apur\u00edmac",2006,15,77,35.4166666666667
"Apur\u00edmac",2006,20,76,35.4166666666667
"Apur\u00edmac",2006,25,76,35.4166666666667
"Apur\u00edmac",2006,30,75,35.4166666666667
"Apur\u00edmac",2006,50,62,35.4166666666667
"Apur\u00edmac",2006,75,42,35.4166666666667
"Apur\u00edmac",2007,10,130,35.4166666666667
"Apur\u00edmac",2007,15,127,35.4166666666667
"Apur\u00edmac",2007,20,125,35.4166666666667
"Apur\u00edmac",2007,25,125,35.4166666666667
"Apur\u00edmac",2007,30,124,35.4166666666667
"Apur\u00edmac",2007,50,103,35.4166666666667
"Apur\u00edmac",2007,75,67,35.4166666666667
"Apur\u00edmac",2008,10,130,35.4166666666667
"Apur\u00edmac",2008,15,127,35.4166666666667
"Apur\u00edmac",2008,20,125,35.4166666666667
"Apur\u00edmac",2008,25,124,35.4166666666667
"Apur\u00edmac",2008,30,123,35.4166666666667
"Apur\u00edmac",2008,50,93,35.4166666666667
"Apur\u00edmac",2008,75,59,35.4166666666667
"Apur\u00edmac",2009,10,146,35.4166666666667
"Apur\u00edmac",2009,15,145,35.4166666666667
"Apur\u00edmac",2009,20,143,35.4166666666667
"Apur\u00edmac",2009,25,141,35.4166666666667
"Apur\u00edmac",2009,30,139,35.4166666666667
"Apur\u00edmac",2009,50,111,35.4166666666667
"Apur\u00edmac",2009,75,76,35.4166666666667
"Apur\u00edmac",2010,10,116,35.4166666666667
"Apur\u00edmac",2010,15,115,35.4166666666667
"Apur\u00edmac",2010,20,112,35.4166666666667
"Apur\u00edmac",2010,25,111,35.4166666666667
"Apur\u00edmac",2010,30,110,35.4166666666667
"Apur\u00edmac",2010,50,85,35.4166666666667
"Apur\u00edmac",2010,75,58,35.4166666666667
"Apur\u00edmac",2011,10,135,35.4166666666667
"Apur\u00edmac",2011,15,134,35.4166666666667
"Apur\u00edmac",2011,20,133,35.4166666666667
"Apur\u00edmac",2011,25,132,35.4166666666667
"Apur\u00edmac",2011,30,131,35.4166666666667
"Apur\u00edmac",2011,50,114,35.4166666666667
"Apur\u00edmac",2011,75,86,35.4166666666667
"Apur\u00edmac",2012,10,232,35.4166666666667
"Apur\u00edmac",2012,15,228,35.4166666666667
"Apur\u00edmac",2012,20,224,35.4166666666667
"Apur\u00edmac",2012,25,222,35.4166666666667
"Apur\u00edmac",2012,30,219,35.4166666666667
"Apur\u00edmac",2012,50,168,35.4166666666667
"Apur\u00edmac",2012,75,115,35.4166666666667
"Arequipa",2000,10,0,0
"Arequipa",2000,15,0,0
"Arequipa",2000,20,0,0
"Arequipa",2000,25,0,0
"Arequipa",2000,30,0,0
"Arequipa",2000,50,0,0
"Arequipa",2000,75,0,0
"Arequipa",2001,10,3,8.41666666666667
"Arequipa",2001,15,3,8.41666666666667
"Arequipa",2001,20,3,8.41666666666667
"Arequipa",2001,25,3,8.41666666666667
"Arequipa",2001,30,3,8.41666666666667
"Arequipa",2001,50,3,8.41666666666667
"Arequipa",2001,75,2,8.41666666666667
"Arequipa",2002,10,9,8.41666666666667
"Arequipa",2002,15,9,8.41666666666667
"Arequipa",2002,20,9,8.41666666666667
"Arequipa",2002,25,9,8.41666666666667
"Arequipa",2002,30,9,8.41666666666667
"Arequipa",2002,50,9,8.41666666666667
"Arequipa",2002,75,8,8.41666666666667
"Arequipa",2003,10,6,8.41666666666667
"Arequipa",2003,15,6,8.41666666666667
"Arequipa",2003,20,6,8.41666666666667
"Arequipa",2003,25,6,8.41666666666667
"Arequipa",2003,30,6,8.41666666666667
"Arequipa",2003,50,5,8.41666666666667
"Arequipa",2003,75,4,8.41666666666667
"Arequipa",2004,10,7,8.41666666666667
"Arequipa",2004,15,7,8.41666666666667
"Arequipa",2004,20,7,8.41666666666667
"Arequipa",2004,25,7,8.41666666666667
"Arequipa",2004,30,7,8.41666666666667
"Arequipa",2004,50,6,8.41666666666667
"Arequipa",2004,75,4,8.41666666666667
"Arequipa",2005,10,16,8.41666666666667
"Arequipa",2005,15,16,8.41666666666667
"Arequipa",2005,20,16,8.41666666666667
"Arequipa",2005,25,16,8.41666666666667
"Arequipa",2005,30,16,8.41666666666667
"Arequipa",2005,50,13,8.41666666666667
"Arequipa",2005,75,9,8.41666666666667
"Arequipa",2006,10,0,8.41666666666667
"Arequipa",2006,15,0,8.41666666666667
"Arequipa",2006,20,0,8.41666666666667
"Arequipa",2006,25,0,8.41666666666667
"Arequipa",2006,30,0,8.41666666666667
"Arequipa",2006,50,0,8.41666666666667
"Arequipa",2006,75,0,8.41666666666667
"Arequipa",2007,10,3,8.41666666666667
"Arequipa",2007,15,3,8.41666666666667
"Arequipa",2007,20,3,8.41666666666667
"Arequipa",2007,25,3,8.41666666666667
"Arequipa",2007,30,3,8.41666666666667
"Arequipa",2007,50,3,8.41666666666667
"Arequipa",2007,75,2,8.41666666666667
"Arequipa",2008,10,3,8.41666666666667
"Arequipa",2008,15,3,8.41666666666667
"Arequipa",2008,20,3,8.41666666666667
"Arequipa",2008,25,3,8.41666666666667
"Arequipa",2008,30,3,8.41666666666667
"Arequipa",2008,50,3,8.41666666666667
"Arequipa",2008,75,2,8.41666666666667
"Arequipa",2009,10,3,8.41666666666667
"Arequipa",2009,15,3,8.41666666666667
"Arequipa",2009,20,3,8.41666666666667
"Arequipa",2009,25,3,8.41666666666667
"Arequipa",2009,30,3,8.41666666666667
"Arequipa",2009,50,3,8.41666666666667
"Arequipa",2009,75,2,8.41666666666667
"Arequipa",2010,10,6,8.41666666666667
"Arequipa",2010,15,6,8.41666666666667
"Arequipa",2010,20,6,8.41666666666667
"Arequipa",2010,25,6,8.41666666666667
"Arequipa",2010,30,6,8.41666666666667
"Arequipa",2010,50,6,8.41666666666667
"Arequipa",2010,75,5,8.41666666666667
"Arequipa",2011,10,5,8.41666666666667
"Arequipa",2011,15,5,8.41666666666667
"Arequipa",2011,20,5,8.41666666666667
"Arequipa",2011,25,5,8.41666666666667
"Arequipa",2011,30,5,8.41666666666667
"Arequipa",2011,50,5,8.41666666666667
"Arequipa",2011,75,3,8.41666666666667
"Arequipa",2012,10,3,8.41666666666667
"Arequipa",2012,15,3,8.41666666666667
"Arequipa",2012,20,3,8.41666666666667
"Arequipa",2012,25,3,8.41666666666667
"Arequipa",2012,30,3,8.41666666666667
"Arequipa",2012,50,2,8.41666666666667
"Arequipa",2012,75,2,8.41666666666667
"Ayacucho",2000,10,0,0
"Ayacucho",2000,15,0,0
"Ayacucho",2000,20,0,0
"Ayacucho",2000,25,0,0
"Ayacucho",2000,30,0,0
"Ayacucho",2000,50,0,0
"Ayacucho",2000,75,0,0
"Ayacucho",2001,10,786,70
"Ayacucho",2001,15,785,70
"Ayacucho",2001,20,784,70
"Ayacucho",2001,25,783,70
"Ayacucho",2001,30,781,70
"Ayacucho",2001,50,767,70
"Ayacucho",2001,75,731,70
"Ayacucho",2002,10,138,70
"Ayacucho",2002,15,136,70
"Ayacucho",2002,20,134,70
"Ayacucho",2002,25,134,70
"Ayacucho",2002,30,133,70
"Ayacucho",2002,50,123,70
"Ayacucho",2002,75,113,70
"Ayacucho",2003,10,707,70
"Ayacucho",2003,15,706,70
"Ayacucho",2003,20,705,70
"Ayacucho",2003,25,704,70
"Ayacucho",2003,30,702,70
"Ayacucho",2003,50,685,70
"Ayacucho",2003,75,638,70
"Ayacucho",2004,10,802,70
"Ayacucho",2004,15,801,70
"Ayacucho",2004,20,799,70
"Ayacucho",2004,25,798,70
"Ayacucho",2004,30,797,70
"Ayacucho",2004,50,783,70
"Ayacucho",2004,75,733,70
"Ayacucho",2005,10,1030,70
"Ayacucho",2005,15,1030,70
"Ayacucho",2005,20,1028,70
"Ayacucho",2005,25,1027,70
"Ayacucho",2005,30,1026,70
"Ayacucho",2005,50,1009,70
"Ayacucho",2005,75,957,70
"Ayacucho",2006,10,1197,70
"Ayacucho",2006,15,1196,70
"Ayacucho",2006,20,1195,70
"Ayacucho",2006,25,1194,70
"Ayacucho",2006,30,1192,70
"Ayacucho",2006,50,1175,70
"Ayacucho",2006,75,1113,70
"Ayacucho",2007,10,890,70
"Ayacucho",2007,15,889,70
"Ayacucho",2007,20,888,70
"Ayacucho",2007,25,887,70
"Ayacucho",2007,30,886,70
"Ayacucho",2007,50,874,70
"Ayacucho",2007,75,829,70
"Ayacucho",2008,10,392,70
"Ayacucho",2008,15,392,70
"Ayacucho",2008,20,391,70
"Ayacucho",2008,25,391,70
"Ayacucho",2008,30,390,70
"Ayacucho",2008,50,384,70
"Ayacucho",2008,75,361,70
"Ayacucho",2009,10,1526,70
"Ayacucho",2009,15,1525,70
"Ayacucho",2009,20,1523,70
"Ayacucho",2009,25,1522,70
"Ayacucho",2009,30,1521,70
"Ayacucho",2009,50,1499,70
"Ayacucho",2009,75,1422,70
"Ayacucho",2010,10,605,70
"Ayacucho",2010,15,605,70
"Ayacucho",2010,20,603,70
"Ayacucho",2010,25,603,70
"Ayacucho",2010,30,601,70
"Ayacucho",2010,50,589,70
"Ayacucho",2010,75,556,70
"Ayacucho",2011,10,787,70
"Ayacucho",2011,15,785,70
"Ayacucho",2011,20,783,70
"Ayacucho",2011,25,782,70
"Ayacucho",2011,30,779,70
"Ayacucho",2011,50,763,70
"Ayacucho",2011,75,724,70
"Ayacucho",2012,10,1884,70
"Ayacucho",2012,15,1883,70
"Ayacucho",2012,20,1880,70
"Ayacucho",2012,25,1879,70
"Ayacucho",2012,30,1876,70
"Ayacucho",2012,50,1855,70
"Ayacucho",2012,75,1774,70
"Cajamarca",2000,10,0,0
"Cajamarca",2000,15,0,0
"Cajamarca",2000,20,0,0
"Cajamarca",2000,25,0,0
"Cajamarca",2000,30,0,0
"Cajamarca",2000,50,0,0
"Cajamarca",2000,75,0,0
"Cajamarca",2001,10,2072,429.333333333333
"Cajamarca",2001,15,2063,429.333333333333
"Cajamarca",2001,20,2052,429.333333333333
"Cajamarca",2001,25,2047,429.333333333333
"Cajamarca",2001,30,2037,429.333333333333
"Cajamarca",2001,50,1898,429.333333333333
"Cajamarca",2001,75,1661,429.333333333333
"Cajamarca",2002,10,2136,429.333333333333
"Cajamarca",2002,15,2128,429.333333333333
"Cajamarca",2002,20,2117,429.333333333333
"Cajamarca",2002,25,2107,429.333333333333
"Cajamarca",2002,30,2097,429.333333333333
"Cajamarca",2002,50,1931,429.333333333333
"Cajamarca",2002,75,1610,429.333333333333
"Cajamarca",2003,10,1558,429.333333333333
"Cajamarca",2003,15,1552,429.333333333333
"Cajamarca",2003,20,1545,429.333333333333
"Cajamarca",2003,25,1539,429.333333333333
"Cajamarca",2003,30,1530,429.333333333333
"Cajamarca",2003,50,1412,429.333333333333
"Cajamarca",2003,75,1182,429.333333333333
"Cajamarca",2004,10,1434,429.333333333333
"Cajamarca",2004,15,1425,429.333333333333
"Cajamarca",2004,20,1417,429.333333333333
"Cajamarca",2004,25,1411,429.333333333333
"Cajamarca",2004,30,1404,429.333333333333
"Cajamarca",2004,50,1274,429.333333333333
"Cajamarca",2004,75,998,429.333333333333
"Cajamarca",2005,10,2744,429.333333333333
"Cajamarca",2005,15,2736,429.333333333333
"Cajamarca",2005,20,2725,429.333333333333
"Cajamarca",2005,25,2716,429.333333333333
"Cajamarca",2005,30,2707,429.333333333333
"Cajamarca",2005,50,2556,429.333333333333
"Cajamarca",2005,75,2203,429.333333333333
"Cajamarca",2006,10,2473,429.333333333333
"Cajamarca",2006,15,2461,429.333333333333
"Cajamarca",2006,20,2445,429.333333333333
"Cajamarca",2006,25,2436,429.333333333333
"Cajamarca",2006,30,2424,429.333333333333
"Cajamarca",2006,50,2243,429.333333333333
"Cajamarca",2006,75,1842,429.333333333333
"Cajamarca",2007,10,2010,429.333333333333
"Cajamarca",2007,15,2005,429.333333333333
"Cajamarca",2007,20,1997,429.333333333333
"Cajamarca",2007,25,1992,429.333333333333
"Cajamarca",2007,30,1984,429.333333333333
"Cajamarca",2007,50,1854,429.333333333333
"Cajamarca",2007,75,1587,429.333333333333
"Cajamarca",2008,10,2164,429.333333333333
"Cajamarca",2008,15,2158,429.333333333333
"Cajamarca",2008,20,2146,429.333333333333
"Cajamarca",2008,25,2140,429.333333333333
"Cajamarca",2008,30,2130,429.333333333333
"Cajamarca",2008,50,1989,429.333333333333
"Cajamarca",2008,75,1662,429.333333333333
"Cajamarca",2009,10,2193,429.333333333333
"Cajamarca",2009,15,2180,429.333333333333
"Cajamarca",2009,20,2169,429.333333333333
"Cajamarca",2009,25,2159,429.333333333333
"Cajamarca",2009,30,2146,429.333333333333
"Cajamarca",2009,50,1934,429.333333333333
"Cajamarca",2009,75,1560,429.333333333333
"Cajamarca",2010,10,2936,429.333333333333
"Cajamarca",2010,15,2924,429.333333333333
"Cajamarca",2010,20,2912,429.333333333333
"Cajamarca",2010,25,2903,429.333333333333
"Cajamarca",2010,30,2888,429.333333333333
"Cajamarca",2010,50,2667,429.333333333333
"Cajamarca",2010,75,2194,429.333333333333
"Cajamarca",2011,10,1660,429.333333333333
"Cajamarca",2011,15,1653,429.333333333333
"Cajamarca",2011,20,1645,429.333333333333
"Cajamarca",2011,25,1637,429.333333333333
"Cajamarca",2011,30,1628,429.333333333333
"Cajamarca",2011,50,1508,429.333333333333
"Cajamarca",2011,75,1274,429.333333333333
"Cajamarca",2012,10,3112,429.333333333333
"Cajamarca",2012,15,3100,429.333333333333
"Cajamarca",2012,20,3085,429.333333333333
"Cajamarca",2012,25,3077,429.333333333333
"Cajamarca",2012,30,3061,429.333333333333
"Cajamarca",2012,50,2864,429.333333333333
"Cajamarca",2012,75,2418,429.333333333333
"El Callao",2000,10,0,0
"El Callao",2000,15,0,0
"El Callao",2000,20,0,0
"El Callao",2000,25,0,0
"El Callao",2000,30,0,0
"El Callao",2000,50,0,0
"El Callao",2000,75,0,0
"El Callao",2001,10,1,4.75
"El Callao",2001,15,1,4.75
"El Callao",2001,20,1,4.75
"El Callao",2001,25,1,4.75
"El Callao",2001,30,1,4.75
"El Callao",2001,50,1,4.75
"El Callao",2001,75,1,4.75
"El Callao",2002,10,1,4.75
"El Callao",2002,15,1,4.75
"El Callao",2002,20,1,4.75
"El Callao",2002,25,1,4.75
"El Callao",2002,30,1,4.75
"El Callao",2002,50,0,4.75
"El Callao",2002,75,0,4.75
"El Callao",2003,10,0,4.75
"El Callao",2003,15,0,4.75
"El Callao",2003,20,0,4.75
"El Callao",2003,25,0,4.75
"El Callao",2003,30,0,4.75
"El Callao",2003,50,0,4.75
"El Callao",2003,75,0,4.75
"El Callao",2004,10,1,4.75
"El Callao",2004,15,1,4.75
"El Callao",2004,20,1,4.75
"El Callao",2004,25,1,4.75
"El Callao",2004,30,1,4.75
"El Callao",2004,50,1,4.75
"El Callao",2004,75,1,4.75
"El Callao",2005,10,3,4.75
"El Callao",2005,15,3,4.75
"El Callao",2005,20,2,4.75
"El Callao",2005,25,2,4.75
"El Callao",2005,30,2,4.75
"El Callao",2005,50,2,4.75
"El Callao",2005,75,1,4.75
"El Callao",2006,10,0,4.75
"El Callao",2006,15,0,4.75
"El Callao",2006,20,0,4.75
"El Callao",2006,25,0,4.75
"El Callao",2006,30,0,4.75
"El Callao",2006,50,0,4.75
"El Callao",2006,75,0,4.75
"El Callao",2007,10,4,4.75
"El Callao",2007,15,4,4.75
"El Callao",2007,20,3,4.75
"El Callao",2007,25,3,4.75
"El Callao",2007,30,3,4.75
"El Callao",2007,50,2,4.75
"El Callao",2007,75,2,4.75
"El Callao",2008,10,1,4.75
"El Callao",2008,15,1,4.75
"El Callao",2008,20,1,4.75
"El Callao",2008,25,1,4.75
"El Callao",2008,30,1,4.75
"El Callao",2008,50,1,4.75
"El Callao",2008,75,1,4.75
"El Callao",2009,10,3,4.75
"El Callao",2009,15,3,4.75
"El Callao",2009,20,3,4.75
"El Callao",2009,25,3,4.75
"El Callao",2009,30,3,4.75
"El Callao",2009,50,2,4.75
"El Callao",2009,75,1,4.75
"El Callao",2010,10,2,4.75
"El Callao",2010,15,2,4.75
"El Callao",2010,20,2,4.75
"El Callao",2010,25,2,4.75
"El Callao",2010,30,2,4.75
"El Callao",2010,50,1,4.75
"El Callao",2010,75,1,4.75
"El Callao",2011,10,1,4.75
"El Callao",2011,15,1,4.75
"El Callao",2011,20,1,4.75
"El Callao",2011,25,1,4.75
"El Callao",2011,30,1,4.75
"El Callao",2011,50,1,4.75
"El Callao",2011,75,0,4.75
"El Callao",2012,10,2,4.75
"El Callao",2012,15,2,4.75
"El Callao",2012,20,2,4.75
"El Callao",2012,25,2,4.75
"El Callao",2012,30,2,4.75
"El Callao",2012,50,1,4.75
"El Callao",2012,75,0,4.75
"Cuzco",2000,10,0,0
"Cuzco",2000,15,0,0
"Cuzco",2000,20,0,0
"Cuzco",2000,25,0,0
"Cuzco",2000,30,0,0
"Cuzco",2000,50,0,0
"Cuzco",2000,75,0,0
"Cuzco",2001,10,4344,299.166666666667
"Cuzco",2001,15,4342,299.166666666667
"Cuzco",2001,20,4336,299.166666666667
"Cuzco",2001,25,4333,299.166666666667
"Cuzco",2001,30,4330,299.166666666667
"Cuzco",2001,50,4274,299.166666666667
"Cuzco",2001,75,4197,299.166666666667
"Cuzco",2002,10,1503,299.166666666667
"Cuzco",2002,15,1502,299.166666666667
"Cuzco",2002,20,1499,299.166666666667
"Cuzco",2002,25,1498,299.166666666667
"Cuzco",2002,30,1496,299.166666666667
"Cuzco",2002,50,1472,299.166666666667
"Cuzco",2002,75,1433,299.166666666667
"Cuzco",2003,10,2938,299.166666666667
"Cuzco",2003,15,2937,299.166666666667
"Cuzco",2003,20,2934,299.166666666667
"Cuzco",2003,25,2933,299.166666666667
"Cuzco",2003,30,2930,299.166666666667
"Cuzco",2003,50,2902,299.166666666667
"Cuzco",2003,75,2846,299.166666666667
"Cuzco",2004,10,2962,299.166666666667
"Cuzco",2004,15,2961,299.166666666667
"Cuzco",2004,20,2957,299.166666666667
"Cuzco",2004,25,2955,299.166666666667
"Cuzco",2004,30,2953,299.166666666667
"Cuzco",2004,50,2926,299.166666666667
"Cuzco",2004,75,2868,299.166666666667
"Cuzco",2005,10,4143,299.166666666667
"Cuzco",2005,15,4139,299.166666666667
"Cuzco",2005,20,4133,299.166666666667
"Cuzco",2005,25,4131,299.166666666667
"Cuzco",2005,30,4125,299.166666666667
"Cuzco",2005,50,4050,299.166666666667
"Cuzco",2005,75,3887,299.166666666667
"Cuzco",2006,10,3121,299.166666666667
"Cuzco",2006,15,3120,299.166666666667
"Cuzco",2006,20,3117,299.166666666667
"Cuzco",2006,25,3117,299.166666666667
"Cuzco",2006,30,3115,299.166666666667
"Cuzco",2006,50,3092,299.166666666667
"Cuzco",2006,75,3011,299.166666666667
"Cuzco",2007,10,3216,299.166666666667
"Cuzco",2007,15,3214,299.166666666667
"Cuzco",2007,20,3211,299.166666666667
"Cuzco",2007,25,3209,299.166666666667
"Cuzco",2007,30,3207,299.166666666667
"Cuzco",2007,50,3174,299.166666666667
"Cuzco",2007,75,3097,299.166666666667
"Cuzco",2008,10,2605,299.166666666667
"Cuzco",2008,15,2604,299.166666666667
"Cuzco",2008,20,2601,299.166666666667
"Cuzco",2008,25,2600,299.166666666667
"Cuzco",2008,30,2598,299.166666666667
"Cuzco",2008,50,2567,299.166666666667
"Cuzco",2008,75,2499,299.166666666667
"Cuzco",2009,10,4500,299.166666666667
"Cuzco",2009,15,4498,299.166666666667
"Cuzco",2009,20,4494,299.166666666667
"Cuzco",2009,25,4493,299.166666666667
"Cuzco",2009,30,4489,299.166666666667
"Cuzco",2009,50,4457,299.166666666667
"Cuzco",2009,75,4376,299.166666666667
"Cuzco",2010,10,3106,299.166666666667
"Cuzco",2010,15,3104,299.166666666667
"Cuzco",2010,20,3101,299.166666666667
"Cuzco",2010,25,3099,299.166666666667
"Cuzco",2010,30,3097,299.166666666667
"Cuzco",2010,50,3065,299.166666666667
"Cuzco",2010,75,3000,299.166666666667
"Cuzco",2011,10,2708,299.166666666667
"Cuzco",2011,15,2707,299.166666666667
"Cuzco",2011,20,2705,299.166666666667
"Cuzco",2011,25,2703,299.166666666667
"Cuzco",2011,30,2701,299.166666666667
"Cuzco",2011,50,2682,299.166666666667
"Cuzco",2011,75,2634,299.166666666667
"Cuzco",2012,10,6596,299.166666666667
"Cuzco",2012,15,6592,299.166666666667
"Cuzco",2012,20,6584,299.166666666667
"Cuzco",2012,25,6580,299.166666666667
"Cuzco",2012,30,6573,299.166666666667
"Cuzco",2012,50,6509,299.166666666667
"Cuzco",2012,75,6375,299.166666666667
"Huancavelica",2000,10,0,0
"Huancavelica",2000,15,0,0
"Huancavelica",2000,20,0,0
"Huancavelica",2000,25,0,0
"Huancavelica",2000,30,0,0
"Huancavelica",2000,50,0,0
"Huancavelica",2000,75,0,0
"Huancavelica",2001,10,25,13.8333333333333
"Huancavelica",2001,15,25,13.8333333333333
"Huancavelica",2001,20,25,13.8333333333333
"Huancavelica",2001,25,25,13.8333333333333
"Huancavelica",2001,30,25,13.8333333333333
"Huancavelica",2001,50,23,13.8333333333333
"Huancavelica",2001,75,18,13.8333333333333
"Huancavelica",2002,10,149,13.8333333333333
"Huancavelica",2002,15,148,13.8333333333333
"Huancavelica",2002,20,147,13.8333333333333
"Huancavelica",2002,25,145,13.8333333333333
"Huancavelica",2002,30,143,13.8333333333333
"Huancavelica",2002,50,117,13.8333333333333
"Huancavelica",2002,75,98,13.8333333333333
"Huancavelica",2003,10,56,13.8333333333333
"Huancavelica",2003,15,56,13.8333333333333
"Huancavelica",2003,20,55,13.8333333333333
"Huancavelica",2003,25,54,13.8333333333333
"Huancavelica",2003,30,54,13.8333333333333
"Huancavelica",2003,50,48,13.8333333333333
"Huancavelica",2003,75,38,13.8333333333333
"Huancavelica",2004,10,77,13.8333333333333
"Huancavelica",2004,15,75,13.8333333333333
"Huancavelica",2004,20,75,13.8333333333333
"Huancavelica",2004,25,73,13.8333333333333
"Huancavelica",2004,30,73,13.8333333333333
"Huancavelica",2004,50,67,13.8333333333333
"Huancavelica",2004,75,55,13.8333333333333
"Huancavelica",2005,10,227,13.8333333333333
"Huancavelica",2005,15,226,13.8333333333333
"Huancavelica",2005,20,224,13.8333333333333
"Huancavelica",2005,25,223,13.8333333333333
"Huancavelica",2005,30,222,13.8333333333333
"Huancavelica",2005,50,203,13.8333333333333
"Huancavelica",2005,75,173,13.8333333333333
"Huancavelica",2006,10,45,13.8333333333333
"Huancavelica",2006,15,45,13.8333333333333
"Huancavelica",2006,20,44,13.8333333333333
"Huancavelica",2006,25,44,13.8333333333333
"Huancavelica",2006,30,44,13.8333333333333
"Huancavelica",2006,50,41,13.8333333333333
"Huancavelica",2006,75,34,13.8333333333333
"Huancavelica",2007,10,66,13.8333333333333
"Huancavelica",2007,15,66,13.8333333333333
"Huancavelica",2007,20,65,13.8333333333333
"Huancavelica",2007,25,65,13.8333333333333
"Huancavelica",2007,30,64,13.8333333333333
"Huancavelica",2007,50,57,13.8333333333333
"Huancavelica",2007,75,43,13.8333333333333
"Huancavelica",2008,10,152,13.8333333333333
"Huancavelica",2008,15,151,13.8333333333333
"Huancavelica",2008,20,150,13.8333333333333
"Huancavelica",2008,25,149,13.8333333333333
"Huancavelica",2008,30,149,13.8333333333333
"Huancavelica",2008,50,132,13.8333333333333
"Huancavelica",2008,75,109,13.8333333333333
"Huancavelica",2009,10,107,13.8333333333333
"Huancavelica",2009,15,107,13.8333333333333
"Huancavelica",2009,20,106,13.8333333333333
"Huancavelica",2009,25,106,13.8333333333333
"Huancavelica",2009,30,105,13.8333333333333
"Huancavelica",2009,50,98,13.8333333333333
"Huancavelica",2009,75,84,13.8333333333333
"Huancavelica",2010,10,147,13.8333333333333
"Huancavelica",2010,15,146,13.8333333333333
"Huancavelica",2010,20,145,13.8333333333333
"Huancavelica",2010,25,145,13.8333333333333
"Huancavelica",2010,30,144,13.8333333333333
"Huancavelica",2010,50,135,13.8333333333333
"Huancavelica",2010,75,116,13.8333333333333
"Huancavelica",2011,10,71,13.8333333333333
"Huancavelica",2011,15,70,13.8333333333333
"Huancavelica",2011,20,70,13.8333333333333
"Huancavelica",2011,25,69,13.8333333333333
"Huancavelica",2011,30,69,13.8333333333333
"Huancavelica",2011,50,62,13.8333333333333
"Huancavelica",2011,75,48,13.8333333333333
"Huancavelica",2012,10,224,13.8333333333333
"Huancavelica",2012,15,223,13.8333333333333
"Huancavelica",2012,20,222,13.8333333333333
"Huancavelica",2012,25,221,13.8333333333333
"Huancavelica",2012,30,220,13.8333333333333
"Huancavelica",2012,50,208,13.8333333333333
"Huancavelica",2012,75,183,13.8333333333333
"Hu\u00e1nuco",2000,10,0,0
"Hu\u00e1nuco",2000,15,0,0
"Hu\u00e1nuco",2000,20,0,0
"Hu\u00e1nuco",2000,25,0,0
"Hu\u00e1nuco",2000,30,0,0
"Hu\u00e1nuco",2000,50,0,0
"Hu\u00e1nuco",2000,75,0,0
"Hu\u00e1nuco",2001,10,9074,1055.08333333333
"Hu\u00e1nuco",2001,15,9073,1055.08333333333
"Hu\u00e1nuco",2001,20,9071,1055.08333333333
"Hu\u00e1nuco",2001,25,9069,1055.08333333333
"Hu\u00e1nuco",2001,30,9067,1055.08333333333
"Hu\u00e1nuco",2001,50,9047,1055.08333333333
"Hu\u00e1nuco",2001,75,8980,1055.08333333333
"Hu\u00e1nuco",2002,10,10671,1055.08333333333
"Hu\u00e1nuco",2002,15,10669,1055.08333333333
"Hu\u00e1nuco",2002,20,10666,1055.08333333333
"Hu\u00e1nuco",2002,25,10664,1055.08333333333
"Hu\u00e1nuco",2002,30,10661,1055.08333333333
"Hu\u00e1nuco",2002,50,10635,1055.08333333333
"Hu\u00e1nuco",2002,75,10534,1055.08333333333
"Hu\u00e1nuco",2003,10,11969,1055.08333333333
"Hu\u00e1nuco",2003,15,11968,1055.08333333333
"Hu\u00e1nuco",2003,20,11966,1055.08333333333
"Hu\u00e1nuco",2003,25,11964,1055.08333333333
"Hu\u00e1nuco",2003,30,11962,1055.08333333333
"Hu\u00e1nuco",2003,50,11943,1055.08333333333
"Hu\u00e1nuco",2003,75,11865,1055.08333333333
"Hu\u00e1nuco",2004,10,8889,1055.08333333333
"Hu\u00e1nuco",2004,15,8887,1055.08333333333
"Hu\u00e1nuco",2004,20,8884,1055.08333333333
"Hu\u00e1nuco",2004,25,8882,1055.08333333333
"Hu\u00e1nuco",2004,30,8878,1055.08333333333
"Hu\u00e1nuco",2004,50,8848,1055.08333333333
"Hu\u00e1nuco",2004,75,8748,1055.08333333333
"Hu\u00e1nuco",2005,10,24066,1055.08333333333
"Hu\u00e1nuco",2005,15,24062,1055.08333333333
"Hu\u00e1nuco",2005,20,24058,1055.08333333333
"Hu\u00e1nuco",2005,25,24054,1055.08333333333
"Hu\u00e1nuco",2005,30,24047,1055.08333333333
"Hu\u00e1nuco",2005,50,23987,1055.08333333333
"Hu\u00e1nuco",2005,75,23740,1055.08333333333
"Hu\u00e1nuco",2006,10,9195,1055.08333333333
"Hu\u00e1nuco",2006,15,9193,1055.08333333333
"Hu\u00e1nuco",2006,20,9191,1055.08333333333
"Hu\u00e1nuco",2006,25,9190,1055.08333333333
"Hu\u00e1nuco",2006,30,9187,1055.08333333333
"Hu\u00e1nuco",2006,50,9166,1055.08333333333
"Hu\u00e1nuco",2006,75,9093,1055.08333333333
"Hu\u00e1nuco",2007,10,10736,1055.08333333333
"Hu\u00e1nuco",2007,15,10735,1055.08333333333
"Hu\u00e1nuco",2007,20,10732,1055.08333333333
"Hu\u00e1nuco",2007,25,10730,1055.08333333333
"Hu\u00e1nuco",2007,30,10726,1055.08333333333
"Hu\u00e1nuco",2007,50,10697,1055.08333333333
"Hu\u00e1nuco",2007,75,10615,1055.08333333333
"Hu\u00e1nuco",2008,10,17468,1055.08333333333
"Hu\u00e1nuco",2008,15,17467,1055.08333333333
"Hu\u00e1nuco",2008,20,17464,1055.08333333333
"Hu\u00e1nuco",2008,25,17462,1055.08333333333
"Hu\u00e1nuco",2008,30,17458,1055.08333333333
"Hu\u00e1nuco",2008,50,17434,1055.08333333333
"Hu\u00e1nuco",2008,75,17348,1055.08333333333
"Hu\u00e1nuco",2009,10,24628,1055.08333333333
"Hu\u00e1nuco",2009,15,24626,1055.08333333333
"Hu\u00e1nuco",2009,20,24623,1055.08333333333
"Hu\u00e1nuco",2009,25,24621,1055.08333333333
"Hu\u00e1nuco",2009,30,24617,1055.08333333333
"Hu\u00e1nuco",2009,50,24585,1055.08333333333
"Hu\u00e1nuco",2009,75,24466,1055.08333333333
"Hu\u00e1nuco",2010,10,15789,1055.08333333333
"Hu\u00e1nuco",2010,15,15788,1055.08333333333
"Hu\u00e1nuco",2010,20,15785,1055.08333333333
"Hu\u00e1nuco",2010,25,15784,1055.08333333333
"Hu\u00e1nuco",2010,30,15781,1055.08333333333
"Hu\u00e1nuco",2010,50,15756,1055.08333333333
"Hu\u00e1nuco",2010,75,15683,1055.08333333333
"Hu\u00e1nuco",2011,10,14982,1055.08333333333
"Hu\u00e1nuco",2011,15,14980,1055.08333333333
"Hu\u00e1nuco",2011,20,14978,1055.08333333333
"Hu\u00e1nuco",2011,25,14977,1055.08333333333
"Hu\u00e1nuco",2011,30,14974,1055.08333333333
"Hu\u00e1nuco",2011,50,14953,1055.08333333333
"Hu\u00e1nuco",2011,75,14889,1055.08333333333
"Hu\u00e1nuco",2012,10,34181,1055.08333333333
"Hu\u00e1nuco",2012,15,34177,1055.08333333333
"Hu\u00e1nuco",2012,20,34171,1055.08333333333
"Hu\u00e1nuco",2012,25,34167,1055.08333333333
"Hu\u00e1nuco",2012,30,34161,1055.08333333333
"Hu\u00e1nuco",2012,50,34100,1055.08333333333
"Hu\u00e1nuco",2012,75,33897,1055.08333333333
"Ica",2000,10,0,0
"Ica",2000,15,0,0
"Ica",2000,20,0,0
"Ica",2000,25,0,0
"Ica",2000,30,0,0
"Ica",2000,50,0,0
"Ica",2000,75,0,0
"Ica",2001,10,0,5.16666666666667
"Ica",2001,15,0,5.16666666666667
"Ica",2001,20,0,5.16666666666667
"Ica",2001,25,0,5.16666666666667
"Ica",2001,30,0,5.16666666666667
"Ica",2001,50,0,5.16666666666667
"Ica",2001,75,0,5.16666666666667
"Ica",2002,10,0,5.16666666666667
"Ica",2002,15,0,5.16666666666667
"Ica",2002,20,0,5.16666666666667
"Ica",2002,25,0,5.16666666666667
"Ica",2002,30,0,5.16666666666667
"Ica",2002,50,0,5.16666666666667
"Ica",2002,75,0,5.16666666666667
"Ica",2003,10,0,5.16666666666667
"Ica",2003,15,0,5.16666666666667
"Ica",2003,20,0,5.16666666666667
"Ica",2003,25,0,5.16666666666667
"Ica",2003,30,0,5.16666666666667
"Ica",2003,50,0,5.16666666666667
"Ica",2003,75,0,5.16666666666667
"Ica",2004,10,0,5.16666666666667
"Ica",2004,15,0,5.16666666666667
"Ica",2004,20,0,5.16666666666667
"Ica",2004,25,0,5.16666666666667
"Ica",2004,30,0,5.16666666666667
"Ica",2004,50,0,5.16666666666667
"Ica",2004,75,0,5.16666666666667
"Ica",2005,10,0,5.16666666666667
"Ica",2005,15,0,5.16666666666667
"Ica",2005,20,0,5.16666666666667
"Ica",2005,25,0,5.16666666666667
"Ica",2005,30,0,5.16666666666667
"Ica",2005,50,0,5.16666666666667
"Ica",2005,75,0,5.16666666666667
"Ica",2006,10,0,5.16666666666667
"Ica",2006,15,0,5.16666666666667
"Ica",2006,20,0,5.16666666666667
"Ica",2006,25,0,5.16666666666667
"Ica",2006,30,0,5.16666666666667
"Ica",2006,50,0,5.16666666666667
"Ica",2006,75,0,5.16666666666667
"Ica",2007,10,0,5.16666666666667
"Ica",2007,15,0,5.16666666666667
"Ica",2007,20,0,5.16666666666667
"Ica",2007,25,0,5.16666666666667
"Ica",2007,30,0,5.16666666666667
"Ica",2007,50,0,5.16666666666667
"Ica",2007,75,0,5.16666666666667
"Ica",2008,10,0,5.16666666666667
"Ica",2008,15,0,5.16666666666667
"Ica",2008,20,0,5.16666666666667
"Ica",2008,25,0,5.16666666666667
"Ica",2008,30,0,5.16666666666667
"Ica",2008,50,0,5.16666666666667
"Ica",2008,75,0,5.16666666666667
"Ica",2009,10,0,5.16666666666667
"Ica",2009,15,0,5.16666666666667
"Ica",2009,20,0,5.16666666666667
"Ica",2009,25,0,5.16666666666667
"Ica",2009,30,0,5.16666666666667
"Ica",2009,50,0,5.16666666666667
"Ica",2009,75,0,5.16666666666667
"Ica",2010,10,0,5.16666666666667
"Ica",2010,15,0,5.16666666666667
"Ica",2010,20,0,5.16666666666667
"Ica",2010,25,0,5.16666666666667
"Ica",2010,30,0,5.16666666666667
"Ica",2010,50,0,5.16666666666667
"Ica",2010,75,0,5.16666666666667
"Ica",2011,10,0,5.16666666666667
"Ica",2011,15,0,5.16666666666667
"Ica",2011,20,0,5.16666666666667
"Ica",2011,25,0,5.16666666666667
"Ica",2011,30,0,5.16666666666667
"Ica",2011,50,0,5.16666666666667
"Ica",2011,75,0,5.16666666666667
"Ica",2012,10,0,5.16666666666667
"Ica",2012,15,0,5.16666666666667
"Ica",2012,20,0,5.16666666666667
"Ica",2012,25,0,5.16666666666667
"Ica",2012,30,0,5.16666666666667
"Ica",2012,50,0,5.16666666666667
"Ica",2012,75,0,5.16666666666667
"Jun\u00edn",2000,10,0,0
"Jun\u00edn",2000,15,0,0
"Jun\u00edn",2000,20,0,0
"Jun\u00edn",2000,25,0,0
"Jun\u00edn",2000,30,0,0
"Jun\u00edn",2000,50,0,0
"Jun\u00edn",2000,75,0,0
"Jun\u00edn",2001,10,5793,518.583333333333
"Jun\u00edn",2001,15,5792,518.583333333333
"Jun\u00edn",2001,20,5790,518.583333333333
"Jun\u00edn",2001,25,5789,518.583333333333
"Jun\u00edn",2001,30,5787,518.583333333333
"Jun\u00edn",2001,50,5766,518.583333333333
"Jun\u00edn",2001,75,5688,518.583333333333
"Jun\u00edn",2002,10,2631,518.583333333333
"Jun\u00edn",2002,15,2630,518.583333333333
"Jun\u00edn",2002,20,2628,518.583333333333
"Jun\u00edn",2002,25,2626,518.583333333333
"Jun\u00edn",2002,30,2625,518.583333333333
"Jun\u00edn",2002,50,2611,518.583333333333
"Jun\u00edn",2002,75,2563,518.583333333333
"Jun\u00edn",2003,10,2423,518.583333333333
"Jun\u00edn",2003,15,2422,518.583333333333
"Jun\u00edn",2003,20,2421,518.583333333333
"Jun\u00edn",2003,25,2420,518.583333333333
"Jun\u00edn",2003,30,2420,518.583333333333
"Jun\u00edn",2003,50,2406,518.583333333333
"Jun\u00edn",2003,75,2369,518.583333333333
"Jun\u00edn",2004,10,7627,518.583333333333
"Jun\u00edn",2004,15,7624,518.583333333333
"Jun\u00edn",2004,20,7621,518.583333333333
"Jun\u00edn",2004,25,7618,518.583333333333
"Jun\u00edn",2004,30,7614,518.583333333333
"Jun\u00edn",2004,50,7580,518.583333333333
"Jun\u00edn",2004,75,7469,518.583333333333
"Jun\u00edn",2005,10,10181,518.583333333333
"Jun\u00edn",2005,15,10177,518.583333333333
"Jun\u00edn",2005,20,10173,518.583333333333
"Jun\u00edn",2005,25,10170,518.583333333333
"Jun\u00edn",2005,30,10167,518.583333333333
"Jun\u00edn",2005,50,10117,518.583333333333
"Jun\u00edn",2005,75,9931,518.583333333333
"Jun\u00edn",2006,10,5184,518.583333333333
"Jun\u00edn",2006,15,5182,518.583333333333
"Jun\u00edn",2006,20,5181,518.583333333333
"Jun\u00edn",2006,25,5180,518.583333333333
"Jun\u00edn",2006,30,5179,518.583333333333
"Jun\u00edn",2006,50,5163,518.583333333333
"Jun\u00edn",2006,75,5106,518.583333333333
"Jun\u00edn",2007,10,4386,518.583333333333
"Jun\u00edn",2007,15,4384,518.583333333333
"Jun\u00edn",2007,20,4382,518.583333333333
"Jun\u00edn",2007,25,4380,518.583333333333
"Jun\u00edn",2007,30,4377,518.583333333333
"Jun\u00edn",2007,50,4347,518.583333333333
"Jun\u00edn",2007,75,4265,518.583333333333
"Jun\u00edn",2008,10,7008,518.583333333333
"Jun\u00edn",2008,15,7006,518.583333333333
"Jun\u00edn",2008,20,7004,518.583333333333
"Jun\u00edn",2008,25,7001,518.583333333333
"Jun\u00edn",2008,30,6998,518.583333333333
"Jun\u00edn",2008,50,6966,518.583333333333
"Jun\u00edn",2008,75,6873,518.583333333333
"Jun\u00edn",2009,10,8893,518.583333333333
"Jun\u00edn",2009,15,8891,518.583333333333
"Jun\u00edn",2009,20,8888,518.583333333333
"Jun\u00edn",2009,25,8887,518.583333333333
"Jun\u00edn",2009,30,8883,518.583333333333
"Jun\u00edn",2009,50,8847,518.583333333333
"Jun\u00edn",2009,75,8736,518.583333333333
"Jun\u00edn",2010,10,6037,518.583333333333
"Jun\u00edn",2010,15,6036,518.583333333333
"Jun\u00edn",2010,20,6033,518.583333333333
"Jun\u00edn",2010,25,6031,518.583333333333
"Jun\u00edn",2010,30,6029,518.583333333333
"Jun\u00edn",2010,50,5999,518.583333333333
"Jun\u00edn",2010,75,5916,518.583333333333
"Jun\u00edn",2011,10,5975,518.583333333333
"Jun\u00edn",2011,15,5973,518.583333333333
"Jun\u00edn",2011,20,5969,518.583333333333
"Jun\u00edn",2011,25,5967,518.583333333333
"Jun\u00edn",2011,30,5964,518.583333333333
"Jun\u00edn",2011,50,5925,518.583333333333
"Jun\u00edn",2011,75,5817,518.583333333333
"Jun\u00edn",2012,10,13502,518.583333333333
"Jun\u00edn",2012,15,13497,518.583333333333
"Jun\u00edn",2012,20,13492,518.583333333333
"Jun\u00edn",2012,25,13489,518.583333333333
"Jun\u00edn",2012,30,13484,518.583333333333
"Jun\u00edn",2012,50,13412,518.583333333333
"Jun\u00edn",2012,75,13197,518.583333333333
"La Libertad",2000,10,0,0
"La Libertad",2000,15,0,0
"La Libertad",2000,20,0,0
"La Libertad",2000,25,0,0
"La Libertad",2000,30,0,0
"La Libertad",2000,50,0,0
"La Libertad",2000,75,0,0
"La Libertad",2001,10,169,75.4166666666667
"La Libertad",2001,15,167,75.4166666666667
"La Libertad",2001,20,166,75.4166666666667
"La Libertad",2001,25,165,75.4166666666667
"La Libertad",2001,30,163,75.4166666666667
"La Libertad",2001,50,146,75.4166666666667
"La Libertad",2001,75,125,75.4166666666667
"La Libertad",2002,10,112,75.4166666666667
"La Libertad",2002,15,111,75.4166666666667
"La Libertad",2002,20,110,75.4166666666667
"La Libertad",2002,25,109,75.4166666666667
"La Libertad",2002,30,107,75.4166666666667
"La Libertad",2002,50,97,75.4166666666667
"La Libertad",2002,75,80,75.4166666666667
"La Libertad",2003,10,107,75.4166666666667
"La Libertad",2003,15,106,75.4166666666667
"La Libertad",2003,20,105,75.4166666666667
"La Libertad",2003,25,104,75.4166666666667
"La Libertad",2003,30,103,75.4166666666667
"La Libertad",2003,50,92,75.4166666666667
"La Libertad",2003,75,75,75.4166666666667
"La Libertad",2004,10,144,75.4166666666667
"La Libertad",2004,15,143,75.4166666666667
"La Libertad",2004,20,140,75.4166666666667
"La Libertad",2004,25,140,75.4166666666667
"La Libertad",2004,30,139,75.4166666666667
"La Libertad",2004,50,124,75.4166666666667
"La Libertad",2004,75,101,75.4166666666667
"La Libertad",2005,10,218,75.4166666666667
"La Libertad",2005,15,217,75.4166666666667
"La Libertad",2005,20,216,75.4166666666667
"La Libertad",2005,25,215,75.4166666666667
"La Libertad",2005,30,214,75.4166666666667
"La Libertad",2005,50,197,75.4166666666667
"La Libertad",2005,75,161,75.4166666666667
"La Libertad",2006,10,157,75.4166666666667
"La Libertad",2006,15,156,75.4166666666667
"La Libertad",2006,20,154,75.4166666666667
"La Libertad",2006,25,153,75.4166666666667
"La Libertad",2006,30,153,75.4166666666667
"La Libertad",2006,50,139,75.4166666666667
"La Libertad",2006,75,114,75.4166666666667
"La Libertad",2007,10,154,75.4166666666667
"La Libertad",2007,15,154,75.4166666666667
"La Libertad",2007,20,153,75.4166666666667
"La Libertad",2007,25,152,75.4166666666667
"La Libertad",2007,30,151,75.4166666666667
"La Libertad",2007,50,140,75.4166666666667
"La Libertad",2007,75,118,75.4166666666667
"La Libertad",2008,10,133,75.4166666666667
"La Libertad",2008,15,132,75.4166666666667
"La Libertad",2008,20,130,75.4166666666667
"La Libertad",2008,25,129,75.4166666666667
"La Libertad",2008,30,128,75.4166666666667
"La Libertad",2008,50,113,75.4166666666667
"La Libertad",2008,75,93,75.4166666666667
"La Libertad",2009,10,274,75.4166666666667
"La Libertad",2009,15,272,75.4166666666667
"La Libertad",2009,20,270,75.4166666666667
"La Libertad",2009,25,267,75.4166666666667
"La Libertad",2009,30,265,75.4166666666667
"La Libertad",2009,50,236,75.4166666666667
"La Libertad",2009,75,188,75.4166666666667
"La Libertad",2010,10,239,75.4166666666667
"La Libertad",2010,15,238,75.4166666666667
"La Libertad",2010,20,238,75.4166666666667
"La Libertad",2010,25,237,75.4166666666667
"La Libertad",2010,30,237,75.4166666666667
"La Libertad",2010,50,224,75.4166666666667
"La Libertad",2010,75,196,75.4166666666667
"La Libertad",2011,10,116,75.4166666666667
"La Libertad",2011,15,116,75.4166666666667
"La Libertad",2011,20,115,75.4166666666667
"La Libertad",2011,25,115,75.4166666666667
"La Libertad",2011,30,114,75.4166666666667
"La Libertad",2011,50,105,75.4166666666667
"La Libertad",2011,75,93,75.4166666666667
"La Libertad",2012,10,218,75.4166666666667
"La Libertad",2012,15,217,75.4166666666667
"La Libertad",2012,20,216,75.4166666666667
"La Libertad",2012,25,215,75.4166666666667
"La Libertad",2012,30,214,75.4166666666667
"La Libertad",2012,50,199,75.4166666666667
"La Libertad",2012,75,168,75.4166666666667
"Lambayeque",2000,10,0,0
"Lambayeque",2000,15,0,0
"Lambayeque",2000,20,0,0
"Lambayeque",2000,25,0,0
"Lambayeque",2000,30,0,0
"Lambayeque",2000,50,0,0
"Lambayeque",2000,75,0,0
"Lambayeque",2001,10,51,14
"Lambayeque",2001,15,48,14
"Lambayeque",2001,20,47,14
"Lambayeque",2001,25,45,14
"Lambayeque",2001,30,45,14
"Lambayeque",2001,50,30,14
"Lambayeque",2001,75,21,14
"Lambayeque",2002,10,50,14
"Lambayeque",2002,15,48,14
"Lambayeque",2002,20,47,14
"Lambayeque",2002,25,45,14
"Lambayeque",2002,30,44,14
"Lambayeque",2002,50,33,14
"Lambayeque",2002,75,21,14
"Lambayeque",2003,10,63,14
"Lambayeque",2003,15,60,14
"Lambayeque",2003,20,58,14
"Lambayeque",2003,25,55,14
"Lambayeque",2003,30,52,14
"Lambayeque",2003,50,36,14
"Lambayeque",2003,75,20,14
"Lambayeque",2004,10,41,14
"Lambayeque",2004,15,37,14
"Lambayeque",2004,20,35,14
"Lambayeque",2004,25,34,14
"Lambayeque",2004,30,33,14
"Lambayeque",2004,50,21,14
"Lambayeque",2004,75,12,14
"Lambayeque",2005,10,138,14
"Lambayeque",2005,15,135,14
"Lambayeque",2005,20,132,14
"Lambayeque",2005,25,130,14
"Lambayeque",2005,30,128,14
"Lambayeque",2005,50,110,14
"Lambayeque",2005,75,81,14
"Lambayeque",2006,10,113,14
"Lambayeque",2006,15,111,14
"Lambayeque",2006,20,108,14
"Lambayeque",2006,25,106,14
"Lambayeque",2006,30,104,14
"Lambayeque",2006,50,84,14
"Lambayeque",2006,75,56,14
"Lambayeque",2007,10,41,14
"Lambayeque",2007,15,40,14
"Lambayeque",2007,20,38,14
"Lambayeque",2007,25,37,14
"Lambayeque",2007,30,36,14
"Lambayeque",2007,50,24,14
"Lambayeque",2007,75,15,14
"Lambayeque",2008,10,78,14
"Lambayeque",2008,15,76,14
"Lambayeque",2008,20,74,14
"Lambayeque",2008,25,73,14
"Lambayeque",2008,30,72,14
"Lambayeque",2008,50,55,14
"Lambayeque",2008,75,37,14
"Lambayeque",2009,10,60,14
"Lambayeque",2009,15,59,14
"Lambayeque",2009,20,57,14
"Lambayeque",2009,25,55,14
"Lambayeque",2009,30,53,14
"Lambayeque",2009,50,32,14
"Lambayeque",2009,75,19,14
"Lambayeque",2010,10,90,14
"Lambayeque",2010,15,88,14
"Lambayeque",2010,20,87,14
"Lambayeque",2010,25,85,14
"Lambayeque",2010,30,84,14
"Lambayeque",2010,50,62,14
"Lambayeque",2010,75,37,14
"Lambayeque",2011,10,66,14
"Lambayeque",2011,15,62,14
"Lambayeque",2011,20,61,14
"Lambayeque",2011,25,59,14
"Lambayeque",2011,30,56,14
"Lambayeque",2011,50,38,14
"Lambayeque",2011,75,26,14
"Lambayeque",2012,10,187,14
"Lambayeque",2012,15,180,14
"Lambayeque",2012,20,178,14
"Lambayeque",2012,25,177,14
"Lambayeque",2012,30,175,14
"Lambayeque",2012,50,157,14
"Lambayeque",2012,75,127,14
"Lima",2000,10,0,0
"Lima",2000,15,0,0
"Lima",2000,20,0,0
"Lima",2000,25,0,0
"Lima",2000,30,0,0
"Lima",2000,50,0,0
"Lima",2000,75,0,0
"Lima",2001,10,3,0.833333333333333
"Lima",2001,15,3,0.833333333333333
"Lima",2001,20,3,0.833333333333333
"Lima",2001,25,2,0.833333333333333
"Lima",2001,30,2,0.833333333333333
"Lima",2001,50,2,0.833333333333333
"Lima",2001,75,2,0.833333333333333
"Lima",2002,10,1,0.833333333333333
"Lima",2002,15,1,0.833333333333333
"Lima",2002,20,1,0.833333333333333
"Lima",2002,25,1,0.833333333333333
"Lima",2002,30,1,0.833333333333333
"Lima",2002,50,0,0.833333333333333
"Lima",2002,75,0,0.833333333333333
"Lima",2003,10,1,0.833333333333333
"Lima",2003,15,1,0.833333333333333
"Lima",2003,20,1,0.833333333333333
"Lima",2003,25,1,0.833333333333333
"Lima",2003,30,1,0.833333333333333
"Lima",2003,50,1,0.833333333333333
"Lima",2003,75,0,0.833333333333333
"Lima",2004,10,3,0.833333333333333
"Lima",2004,15,3,0.833333333333333
"Lima",2004,20,3,0.833333333333333
"Lima",2004,25,3,0.833333333333333
"Lima",2004,30,2,0.833333333333333
"Lima",2004,50,2,0.833333333333333
"Lima",2004,75,2,0.833333333333333
"Lima",2005,10,1,0.833333333333333
"Lima",2005,15,1,0.833333333333333
"Lima",2005,20,1,0.833333333333333
"Lima",2005,25,1,0.833333333333333
"Lima",2005,30,1,0.833333333333333
"Lima",2005,50,1,0.833333333333333
"Lima",2005,75,0,0.833333333333333
"Lima",2006,10,1,0.833333333333333
"Lima",2006,15,1,0.833333333333333
"Lima",2006,20,1,0.833333333333333
"Lima",2006,25,1,0.833333333333333
"Lima",2006,30,1,0.833333333333333
"Lima",2006,50,1,0.833333333333333
"Lima",2006,75,1,0.833333333333333
"Lima",2007,10,4,0.833333333333333
"Lima",2007,15,4,0.833333333333333
"Lima",2007,20,4,0.833333333333333
"Lima",2007,25,4,0.833333333333333
"Lima",2007,30,4,0.833333333333333
"Lima",2007,50,3,0.833333333333333
"Lima",2007,75,3,0.833333333333333
"Lima",2008,10,1,0.833333333333333
"Lima",2008,15,1,0.833333333333333
"Lima",2008,20,1,0.833333333333333
"Lima",2008,25,1,0.833333333333333
"Lima",2008,30,1,0.833333333333333
"Lima",2008,50,1,0.833333333333333
"Lima",2008,75,0,0.833333333333333
"Lima",2009,10,1,0.833333333333333
"Lima",2009,15,1,0.833333333333333
"Lima",2009,20,1,0.833333333333333
"Lima",2009,25,1,0.833333333333333
"Lima",2009,30,1,0.833333333333333
"Lima",2009,50,1,0.833333333333333
"Lima",2009,75,1,0.833333333333333
"Lima",2010,10,1,0.833333333333333
"Lima",2010,15,1,0.833333333333333
"Lima",2010,20,1,0.833333333333333
"Lima",2010,25,1,0.833333333333333
"Lima",2010,30,1,0.833333333333333
"Lima",2010,50,1,0.833333333333333
"Lima",2010,75,0,0.833333333333333
"Lima",2011,10,1,0.833333333333333
"Lima",2011,15,1,0.833333333333333
"Lima",2011,20,1,0.833333333333333
"Lima",2011,25,1,0.833333333333333
"Lima",2011,30,1,0.833333333333333
"Lima",2011,50,1,0.833333333333333
"Lima",2011,75,0,0.833333333333333
"Lima",2012,10,3,0.833333333333333
"Lima",2012,15,3,0.833333333333333
"Lima",2012,20,3,0.833333333333333
"Lima",2012,25,3,0.833333333333333
"Lima",2012,30,3,0.833333333333333
"Lima",2012,50,2,0.833333333333333
"Lima",2012,75,2,0.833333333333333
"Loreto",2000,10,0,0
"Loreto",2000,15,0,0
"Loreto",2000,20,0,0
"Loreto",2000,25,0,0
"Loreto",2000,30,0,0
"Loreto",2000,50,0,0
"Loreto",2000,75,0,0
"Loreto",2001,10,17301,5968.75
"Loreto",2001,15,17299,5968.75
"Loreto",2001,20,17297,5968.75
"Loreto",2001,25,17296,5968.75
"Loreto",2001,30,17293,5968.75
"Loreto",2001,50,17272,5968.75
"Loreto",2001,75,17183,5968.75
"Loreto",2002,10,14770,5968.75
"Loreto",2002,15,14769,5968.75
"Loreto",2002,20,14767,5968.75
"Loreto",2002,25,14766,5968.75
"Loreto",2002,30,14763,5968.75
"Loreto",2002,50,14737,5968.75
"Loreto",2002,75,14645,5968.75
"Loreto",2003,10,10496,5968.75
"Loreto",2003,15,10496,5968.75
"Loreto",2003,20,10494,5968.75
"Loreto",2003,25,10493,5968.75
"Loreto",2003,30,10492,5968.75
"Loreto",2003,50,10477,5968.75
"Loreto",2003,75,10411,5968.75
"Loreto",2004,10,23399,5968.75
"Loreto",2004,15,23397,5968.75
"Loreto",2004,20,23394,5968.75
"Loreto",2004,25,23392,5968.75
"Loreto",2004,30,23389,5968.75
"Loreto",2004,50,23358,5968.75
"Loreto",2004,75,23224,5968.75
"Loreto",2005,10,30387,5968.75
"Loreto",2005,15,30384,5968.75
"Loreto",2005,20,30380,5968.75
"Loreto",2005,25,30377,5968.75
"Loreto",2005,30,30371,5968.75
"Loreto",2005,50,30310,5968.75
"Loreto",2005,75,30071,5968.75
"Loreto",2006,10,17175,5968.75
"Loreto",2006,15,17173,5968.75
"Loreto",2006,20,17171,5968.75
"Loreto",2006,25,17169,5968.75
"Loreto",2006,30,17167,5968.75
"Loreto",2006,50,17143,5968.75
"Loreto",2006,75,17057,5968.75
"Loreto",2007,10,24346,5968.75
"Loreto",2007,15,24343,5968.75
"Loreto",2007,20,24340,5968.75
"Loreto",2007,25,24339,5968.75
"Loreto",2007,30,24336,5968.75
"Loreto",2007,50,24305,5968.75
"Loreto",2007,75,24180,5968.75
"Loreto",2008,10,31969,5968.75
"Loreto",2008,15,31967,5968.75
"Loreto",2008,20,31964,5968.75
"Loreto",2008,25,31962,5968.75
"Loreto",2008,30,31959,5968.75
"Loreto",2008,50,31926,5968.75
"Loreto",2008,75,31794,5968.75
"Loreto",2009,10,36030,5968.75
"Loreto",2009,15,36027,5968.75
"Loreto",2009,20,36024,5968.75
"Loreto",2009,25,36023,5968.75
"Loreto",2009,30,36020,5968.75
"Loreto",2009,50,35984,5968.75
"Loreto",2009,75,35835,5968.75
"Loreto",2010,10,31646,5968.75
"Loreto",2010,15,31643,5968.75
"Loreto",2010,20,31641,5968.75
"Loreto",2010,25,31638,5968.75
"Loreto",2010,30,31635,5968.75
"Loreto",2010,50,31585,5968.75
"Loreto",2010,75,31416,5968.75
"Loreto",2011,10,22613,5968.75
"Loreto",2011,15,22610,5968.75
"Loreto",2011,20,22607,5968.75
"Loreto",2011,25,22606,5968.75
"Loreto",2011,30,22603,5968.75
"Loreto",2011,50,22565,5968.75
"Loreto",2011,75,22422,5968.75
"Loreto",2012,10,50576,5968.75
"Loreto",2012,15,50569,5968.75
"Loreto",2012,20,50561,5968.75
"Loreto",2012,25,50556,5968.75
"Loreto",2012,30,50548,5968.75
"Loreto",2012,50,50458,5968.75
"Loreto",2012,75,50167,5968.75
"Madre de Dios",2000,10,0,0
"Madre de Dios",2000,15,0,0
"Madre de Dios",2000,20,0,0
"Madre de Dios",2000,25,0,0
"Madre de Dios",2000,30,0,0
"Madre de Dios",2000,50,0,0
"Madre de Dios",2000,75,0,0
"Madre de Dios",2001,10,7265,1094.08333333333
"Madre de Dios",2001,15,7263,1094.08333333333
"Madre de Dios",2001,20,7260,1094.08333333333
"Madre de Dios",2001,25,7259,1094.08333333333
"Madre de Dios",2001,30,7256,1094.08333333333
"Madre de Dios",2001,50,7222,1094.08333333333
"Madre de Dios",2001,75,7075,1094.08333333333
"Madre de Dios",2002,10,5839,1094.08333333333
"Madre de Dios",2002,15,5838,1094.08333333333
"Madre de Dios",2002,20,5835,1094.08333333333
"Madre de Dios",2002,25,5834,1094.08333333333
"Madre de Dios",2002,30,5832,1094.08333333333
"Madre de Dios",2002,50,5805,1094.08333333333
"Madre de Dios",2002,75,5705,1094.08333333333
"Madre de Dios",2003,10,5877,1094.08333333333
"Madre de Dios",2003,15,5876,1094.08333333333
"Madre de Dios",2003,20,5874,1094.08333333333
"Madre de Dios",2003,25,5873,1094.08333333333
"Madre de Dios",2003,30,5871,1094.08333333333
"Madre de Dios",2003,50,5847,1094.08333333333
"Madre de Dios",2003,75,5753,1094.08333333333
"Madre de Dios",2004,10,8463,1094.08333333333
"Madre de Dios",2004,15,8462,1094.08333333333
"Madre de Dios",2004,20,8460,1094.08333333333
"Madre de Dios",2004,25,8459,1094.08333333333
"Madre de Dios",2004,30,8457,1094.08333333333
"Madre de Dios",2004,50,8433,1094.08333333333
"Madre de Dios",2004,75,8340,1094.08333333333
"Madre de Dios",2005,10,9477,1094.08333333333
"Madre de Dios",2005,15,9475,1094.08333333333
"Madre de Dios",2005,20,9472,1094.08333333333
"Madre de Dios",2005,25,9471,1094.08333333333
"Madre de Dios",2005,30,9469,1094.08333333333
"Madre de Dios",2005,50,9434,1094.08333333333
"Madre de Dios",2005,75,9287,1094.08333333333
"Madre de Dios",2006,10,6116,1094.08333333333
"Madre de Dios",2006,15,6116,1094.08333333333
"Madre de Dios",2006,20,6114,1094.08333333333
"Madre de Dios",2006,25,6113,1094.08333333333
"Madre de Dios",2006,30,6113,1094.08333333333
"Madre de Dios",2006,50,6098,1094.08333333333
"Madre de Dios",2006,75,6043,1094.08333333333
"Madre de Dios",2007,10,8773,1094.08333333333
"Madre de Dios",2007,15,8772,1094.08333333333
"Madre de Dios",2007,20,8770,1094.08333333333
"Madre de Dios",2007,25,8769,1094.08333333333
"Madre de Dios",2007,30,8767,1094.08333333333
"Madre de Dios",2007,50,8741,1094.08333333333
"Madre de Dios",2007,75,8674,1094.08333333333
"Madre de Dios",2008,10,12317,1094.08333333333
"Madre de Dios",2008,15,12316,1094.08333333333
"Madre de Dios",2008,20,12314,1094.08333333333
"Madre de Dios",2008,25,12313,1094.08333333333
"Madre de Dios",2008,30,12310,1094.08333333333
"Madre de Dios",2008,50,12275,1094.08333333333
"Madre de Dios",2008,75,12174,1094.08333333333
"Madre de Dios",2009,10,6220,1094.08333333333
"Madre de Dios",2009,15,6219,1094.08333333333
"Madre de Dios",2009,20,6218,1094.08333333333
"Madre de Dios",2009,25,6218,1094.08333333333
"Madre de Dios",2009,30,6218,1094.08333333333
"Madre de Dios",2009,50,6206,1094.08333333333
"Madre de Dios",2009,75,6170,1094.08333333333
"Madre de Dios",2010,10,13121,1094.08333333333
"Madre de Dios",2010,15,13119,1094.08333333333
"Madre de Dios",2010,20,13117,1094.08333333333
"Madre de Dios",2010,25,13116,1094.08333333333
"Madre de Dios",2010,30,13114,1094.08333333333
"Madre de Dios",2010,50,13074,1094.08333333333
"Madre de Dios",2010,75,12957,1094.08333333333
"Madre de Dios",2011,10,10018,1094.08333333333
"Madre de Dios",2011,15,10017,1094.08333333333
"Madre de Dios",2011,20,10016,1094.08333333333
"Madre de Dios",2011,25,10015,1094.08333333333
"Madre de Dios",2011,30,10014,1094.08333333333
"Madre de Dios",2011,50,9995,1094.08333333333
"Madre de Dios",2011,75,9942,1094.08333333333
"Madre de Dios",2012,10,16398,1094.08333333333
"Madre de Dios",2012,15,16397,1094.08333333333
"Madre de Dios",2012,20,16397,1094.08333333333
"Madre de Dios",2012,25,16395,1094.08333333333
"Madre de Dios",2012,30,16394,1094.08333333333
"Madre de Dios",2012,50,16376,1094.08333333333
"Madre de Dios",2012,75,16308,1094.08333333333
"Moquegua",2000,10,0,0
"Moquegua",2000,15,0,0
"Moquegua",2000,20,0,0
"Moquegua",2000,25,0,0
"Moquegua",2000,30,0,0
"Moquegua",2000,50,0,0
"Moquegua",2000,75,0,0
"Moquegua",2001,10,0,0.416666666666667
"Moquegua",2001,15,0,0.416666666666667
"Moquegua",2001,20,0,0.416666666666667
"Moquegua",2001,25,0,0.416666666666667
"Moquegua",2001,30,0,0.416666666666667
"Moquegua",2001,50,0,0.416666666666667
"Moquegua",2001,75,0,0.416666666666667
"Moquegua",2002,10,0,0.416666666666667
"Moquegua",2002,15,0,0.416666666666667
"Moquegua",2002,20,0,0.416666666666667
"Moquegua",2002,25,0,0.416666666666667
"Moquegua",2002,30,0,0.416666666666667
"Moquegua",2002,50,0,0.416666666666667
"Moquegua",2002,75,0,0.416666666666667
"Moquegua",2003,10,2,0.416666666666667
"Moquegua",2003,15,2,0.416666666666667
"Moquegua",2003,20,2,0.416666666666667
"Moquegua",2003,25,2,0.416666666666667
"Moquegua",2003,30,2,0.416666666666667
"Moquegua",2003,50,2,0.416666666666667
"Moquegua",2003,75,1,0.416666666666667
"Moquegua",2004,10,0,0.416666666666667
"Moquegua",2004,15,0,0.416666666666667
"Moquegua",2004,20,0,0.416666666666667
"Moquegua",2004,25,0,0.416666666666667
"Moquegua",2004,30,0,0.416666666666667
"Moquegua",2004,50,0,0.416666666666667
"Moquegua",2004,75,0,0.416666666666667
"Moquegua",2005,10,0,0.416666666666667
"Moquegua",2005,15,0,0.416666666666667
"Moquegua",2005,20,0,0.416666666666667
"Moquegua",2005,25,0,0.416666666666667
"Moquegua",2005,30,0,0.416666666666667
"Moquegua",2005,50,0,0.416666666666667
"Moquegua",2005,75,0,0.416666666666667
"Moquegua",2006,10,0,0.416666666666667
"Moquegua",2006,15,0,0.416666666666667
"Moquegua",2006,20,0,0.416666666666667
"Moquegua",2006,25,0,0.416666666666667
"Moquegua",2006,30,0,0.416666666666667
"Moquegua",2006,50,0,0.416666666666667
"Moquegua",2006,75,0,0.416666666666667
"Moquegua",2007,10,0,0.416666666666667
"Moquegua",2007,15,0,0.416666666666667
"Moquegua",2007,20,0,0.416666666666667
"Moquegua",2007,25,0,0.416666666666667
"Moquegua",2007,30,0,0.416666666666667
"Moquegua",2007,50,0,0.416666666666667
"Moquegua",2007,75,0,0.416666666666667
"Moquegua",2008,10,0,0.416666666666667
"Moquegua",2008,15,0,0.416666666666667
"Moquegua",2008,20,0,0.416666666666667
"Moquegua",2008,25,0,0.416666666666667
"Moquegua",2008,30,0,0.416666666666667
"Moquegua",2008,50,0,0.416666666666667
"Moquegua",2008,75,0,0.416666666666667
"Moquegua",2009,10,0,0.416666666666667
"Moquegua",2009,15,0,0.416666666666667
"Moquegua",2009,20,0,0.416666666666667
"Moquegua",2009,25,0,0.416666666666667
"Moquegua",2009,30,0,0.416666666666667
"Moquegua",2009,50,0,0.416666666666667
"Moquegua",2009,75,0,0.416666666666667
"Moquegua",2010,10,2,0.416666666666667
"Moquegua",2010,15,2,0.416666666666667
"Moquegua",2010,20,2,0.416666666666667
"Moquegua",2010,25,2,0.416666666666667
"Moquegua",2010,30,2,0.416666666666667
"Moquegua",2010,50,0,0.416666666666667
"Moquegua",2010,75,0,0.416666666666667
"Moquegua",2011,10,0,0.416666666666667
"Moquegua",2011,15,0,0.416666666666667
"Moquegua",2011,20,0,0.416666666666667
"Moquegua",2011,25,0,0.416666666666667
"Moquegua",2011,30,0,0.416666666666667
"Moquegua",2011,50,0,0.416666666666667
"Moquegua",2011,75,0,0.416666666666667
"Moquegua",2012,10,0,0.416666666666667
"Moquegua",2012,15,0,0.416666666666667
"Moquegua",2012,20,0,0.416666666666667
"Moquegua",2012,25,0,0.416666666666667
"Moquegua",2012,30,0,0.416666666666667
"Moquegua",2012,50,0,0.416666666666667
"Moquegua",2012,75,0,0.416666666666667
"Pasco",2000,10,0,0
"Pasco",2000,15,0,0
"Pasco",2000,20,0,0
"Pasco",2000,25,0,0
"Pasco",2000,30,0,0
"Pasco",2000,50,0,0
"Pasco",2000,75,0,0
"Pasco",2001,10,3692,675
"Pasco",2001,15,3690,675
"Pasco",2001,20,3689,675
"Pasco",2001,25,3688,675
"Pasco",2001,30,3688,675
"Pasco",2001,50,3677,675
"Pasco",2001,75,3658,675
"Pasco",2002,10,3691,675
"Pasco",2002,15,3690,675
"Pasco",2002,20,3689,675
"Pasco",2002,25,3688,675
"Pasco",2002,30,3688,675
"Pasco",2002,50,3679,675
"Pasco",2002,75,3651,675
"Pasco",2003,10,3451,675
"Pasco",2003,15,3451,675
"Pasco",2003,20,3450,675
"Pasco",2003,25,3450,675
"Pasco",2003,30,3450,675
"Pasco",2003,50,3445,675
"Pasco",2003,75,3422,675
"Pasco",2004,10,4152,675
"Pasco",2004,15,4151,675
"Pasco",2004,20,4151,675
"Pasco",2004,25,4151,675
"Pasco",2004,30,4150,675
"Pasco",2004,50,4144,675
"Pasco",2004,75,4121,675
"Pasco",2005,10,7373,675
"Pasco",2005,15,7372,675
"Pasco",2005,20,7369,675
"Pasco",2005,25,7368,675
"Pasco",2005,30,7366,675
"Pasco",2005,50,7348,675
"Pasco",2005,75,7282,675
"Pasco",2006,10,5167,675
"Pasco",2006,15,5166,675
"Pasco",2006,20,5166,675
"Pasco",2006,25,5166,675
"Pasco",2006,30,5164,675
"Pasco",2006,50,5155,675
"Pasco",2006,75,5127,675
"Pasco",2007,10,3210,675
"Pasco",2007,15,3210,675
"Pasco",2007,20,3209,675
"Pasco",2007,25,3209,675
"Pasco",2007,30,3208,675
"Pasco",2007,50,3196,675
"Pasco",2007,75,3170,675
"Pasco",2008,10,4241,675
"Pasco",2008,15,4241,675
"Pasco",2008,20,4240,675
"Pasco",2008,25,4239,675
"Pasco",2008,30,4238,675
"Pasco",2008,50,4230,675
"Pasco",2008,75,4204,675
"Pasco",2009,10,7494,675
"Pasco",2009,15,7494,675
"Pasco",2009,20,7493,675
"Pasco",2009,25,7492,675
"Pasco",2009,30,7491,675
"Pasco",2009,50,7480,675
"Pasco",2009,75,7439,675
"Pasco",2010,10,6645,675
"Pasco",2010,15,6644,675
"Pasco",2010,20,6643,675
"Pasco",2010,25,6642,675
"Pasco",2010,30,6641,675
"Pasco",2010,50,6630,675
"Pasco",2010,75,6594,675
"Pasco",2011,10,6274,675
"Pasco",2011,15,6273,675
"Pasco",2011,20,6273,675
"Pasco",2011,25,6272,675
"Pasco",2011,30,6271,675
"Pasco",2011,50,6260,675
"Pasco",2011,75,6234,675
"Pasco",2012,10,11110,675
"Pasco",2012,15,11109,675
"Pasco",2012,20,11108,675
"Pasco",2012,25,11107,675
"Pasco",2012,30,11104,675
"Pasco",2012,50,11085,675
"Pasco",2012,75,11019,675
"Piura",2000,10,0,0
"Piura",2000,15,0,0
"Piura",2000,20,0,0
"Piura",2000,25,0,0
"Piura",2000,30,0,0
"Piura",2000,50,0,0
"Piura",2000,75,0,0
"Piura",2001,10,786,153.916666666667
"Piura",2001,15,778,153.916666666667
"Piura",2001,20,769,153.916666666667
"Piura",2001,25,761,153.916666666667
"Piura",2001,30,753,153.916666666667
"Piura",2001,50,661,153.916666666667
"Piura",2001,75,544,153.916666666667
"Piura",2002,10,1125,153.916666666667
"Piura",2002,15,1115,153.916666666667
"Piura",2002,20,1099,153.916666666667
"Piura",2002,25,1086,153.916666666667
"Piura",2002,30,1074,153.916666666667
"Piura",2002,50,866,153.916666666667
"Piura",2002,75,629,153.916666666667
"Piura",2003,10,825,153.916666666667
"Piura",2003,15,815,153.916666666667
"Piura",2003,20,800,153.916666666667
"Piura",2003,25,791,153.916666666667
"Piura",2003,30,781,153.916666666667
"Piura",2003,50,634,153.916666666667
"Piura",2003,75,432,153.916666666667
"Piura",2004,10,956,153.916666666667
"Piura",2004,15,949,153.916666666667
"Piura",2004,20,936,153.916666666667
"Piura",2004,25,926,153.916666666667
"Piura",2004,30,917,153.916666666667
"Piura",2004,50,766,153.916666666667
"Piura",2004,75,528,153.916666666667
"Piura",2005,10,936,153.916666666667
"Piura",2005,15,932,153.916666666667
"Piura",2005,20,927,153.916666666667
"Piura",2005,25,922,153.916666666667
"Piura",2005,30,917,153.916666666667
"Piura",2005,50,837,153.916666666667
"Piura",2005,75,667,153.916666666667
"Piura",2006,10,1472,153.916666666667
"Piura",2006,15,1467,153.916666666667
"Piura",2006,20,1460,153.916666666667
"Piura",2006,25,1453,153.916666666667
"Piura",2006,30,1446,153.916666666667
"Piura",2006,50,1321,153.916666666667
"Piura",2006,75,1039,153.916666666667
"Piura",2007,10,619,153.916666666667
"Piura",2007,15,612,153.916666666667
"Piura",2007,20,607,153.916666666667
"Piura",2007,25,600,153.916666666667
"Piura",2007,30,595,153.916666666667
"Piura",2007,50,489,153.916666666667
"Piura",2007,75,346,153.916666666667
"Piura",2008,10,1004,153.916666666667
"Piura",2008,15,996,153.916666666667
"Piura",2008,20,985,153.916666666667
"Piura",2008,25,976,153.916666666667
"Piura",2008,30,967,153.916666666667
"Piura",2008,50,821,153.916666666667
"Piura",2008,75,571,153.916666666667
"Piura",2009,10,886,153.916666666667
"Piura",2009,15,877,153.916666666667
"Piura",2009,20,864,153.916666666667
"Piura",2009,25,853,153.916666666667
"Piura",2009,30,842,153.916666666667
"Piura",2009,50,696,153.916666666667
"Piura",2009,75,455,153.916666666667
"Piura",2010,10,410,153.916666666667
"Piura",2010,15,407,153.916666666667
"Piura",2010,20,405,153.916666666667
"Piura",2010,25,403,153.916666666667
"Piura",2010,30,401,153.916666666667
"Piura",2010,50,358,153.916666666667
"Piura",2010,75,276,153.916666666667
"Piura",2011,10,411,153.916666666667
"Piura",2011,15,408,153.916666666667
"Piura",2011,20,405,153.916666666667
"Piura",2011,25,401,153.916666666667
"Piura",2011,30,398,153.916666666667
"Piura",2011,50,356,153.916666666667
"Piura",2011,75,282,153.916666666667
"Piura",2012,10,1312,153.916666666667
"Piura",2012,15,1308,153.916666666667
"Piura",2012,20,1301,153.916666666667
"Piura",2012,25,1296,153.916666666667
"Piura",2012,30,1290,153.916666666667
"Piura",2012,50,1181,153.916666666667
"Piura",2012,75,933,153.916666666667
"Puno",2000,10,0,0
"Puno",2000,15,0,0
"Puno",2000,20,0,0
"Puno",2000,25,0,0
"Puno",2000,30,0,0
"Puno",2000,50,0,0
"Puno",2000,75,0,0
"Puno",2001,10,907,131.583333333333
"Puno",2001,15,905,131.583333333333
"Puno",2001,20,902,131.583333333333
"Puno",2001,25,899,131.583333333333
"Puno",2001,30,898,131.583333333333
"Puno",2001,50,874,131.583333333333
"Puno",2001,75,843,131.583333333333
"Puno",2002,10,617,131.583333333333
"Puno",2002,15,617,131.583333333333
"Puno",2002,20,616,131.583333333333
"Puno",2002,25,615,131.583333333333
"Puno",2002,30,615,131.583333333333
"Puno",2002,50,604,131.583333333333
"Puno",2002,75,587,131.583333333333
"Puno",2003,10,623,131.583333333333
"Puno",2003,15,623,131.583333333333
"Puno",2003,20,622,131.583333333333
"Puno",2003,25,622,131.583333333333
"Puno",2003,30,622,131.583333333333
"Puno",2003,50,615,131.583333333333
"Puno",2003,75,601,131.583333333333
"Puno",2004,10,727,131.583333333333
"Puno",2004,15,726,131.583333333333
"Puno",2004,20,726,131.583333333333
"Puno",2004,25,724,131.583333333333
"Puno",2004,30,724,131.583333333333
"Puno",2004,50,714,131.583333333333
"Puno",2004,75,686,131.583333333333
"Puno",2005,10,1173,131.583333333333
"Puno",2005,15,1173,131.583333333333
"Puno",2005,20,1171,131.583333333333
"Puno",2005,25,1170,131.583333333333
"Puno",2005,30,1170,131.583333333333
"Puno",2005,50,1160,131.583333333333
"Puno",2005,75,1137,131.583333333333
"Puno",2006,10,796,131.583333333333
"Puno",2006,15,796,131.583333333333
"Puno",2006,20,795,131.583333333333
"Puno",2006,25,795,131.583333333333
"Puno",2006,30,794,131.583333333333
"Puno",2006,50,787,131.583333333333
"Puno",2006,75,768,131.583333333333
"Puno",2007,10,1049,131.583333333333
"Puno",2007,15,1048,131.583333333333
"Puno",2007,20,1046,131.583333333333
"Puno",2007,25,1046,131.583333333333
"Puno",2007,30,1045,131.583333333333
"Puno",2007,50,1034,131.583333333333
"Puno",2007,75,1010,131.583333333333
"Puno",2008,10,1159,131.583333333333
"Puno",2008,15,1158,131.583333333333
"Puno",2008,20,1157,131.583333333333
"Puno",2008,25,1157,131.583333333333
"Puno",2008,30,1156,131.583333333333
"Puno",2008,50,1148,131.583333333333
"Puno",2008,75,1123,131.583333333333
"Puno",2009,10,662,131.583333333333
"Puno",2009,15,661,131.583333333333
"Puno",2009,20,661,131.583333333333
"Puno",2009,25,660,131.583333333333
"Puno",2009,30,660,131.583333333333
"Puno",2009,50,654,131.583333333333
"Puno",2009,75,635,131.583333333333
"Puno",2010,10,1851,131.583333333333
"Puno",2010,15,1851,131.583333333333
"Puno",2010,20,1850,131.583333333333
"Puno",2010,25,1849,131.583333333333
"Puno",2010,30,1849,131.583333333333
"Puno",2010,50,1838,131.583333333333
"Puno",2010,75,1811,131.583333333333
"Puno",2011,10,811,131.583333333333
"Puno",2011,15,810,131.583333333333
"Puno",2011,20,810,131.583333333333
"Puno",2011,25,809,131.583333333333
"Puno",2011,30,809,131.583333333333
"Puno",2011,50,802,131.583333333333
"Puno",2011,75,789,131.583333333333
"Puno",2012,10,1182,131.583333333333
"Puno",2012,15,1182,131.583333333333
"Puno",2012,20,1181,131.583333333333
"Puno",2012,25,1181,131.583333333333
"Puno",2012,30,1180,131.583333333333
"Puno",2012,50,1168,131.583333333333
"Puno",2012,75,1147,131.583333333333
"San Mart\u00edn",2000,10,0,0
"San Mart\u00edn",2000,15,0,0
"San Mart\u00edn",2000,20,0,0
"San Mart\u00edn",2000,25,0,0
"San Mart\u00edn",2000,30,0,0
"San Mart\u00edn",2000,50,0,0
"San Mart\u00edn",2000,75,0,0
"San Mart\u00edn",2001,10,17008,1661.41666666667
"San Mart\u00edn",2001,15,17006,1661.41666666667
"San Mart\u00edn",2001,20,17004,1661.41666666667
"San Mart\u00edn",2001,25,17002,1661.41666666667
"San Mart\u00edn",2001,30,16999,1661.41666666667
"San Mart\u00edn",2001,50,16956,1661.41666666667
"San Mart\u00edn",2001,75,16768,1661.41666666667
"San Mart\u00edn",2002,10,20651,1661.41666666667
"San Mart\u00edn",2002,15,20647,1661.41666666667
"San Mart\u00edn",2002,20,20642,1661.41666666667
"San Mart\u00edn",2002,25,20639,1661.41666666667
"San Mart\u00edn",2002,30,20635,1661.41666666667
"San Mart\u00edn",2002,50,20555,1661.41666666667
"San Mart\u00edn",2002,75,20250,1661.41666666667
"San Mart\u00edn",2003,10,15118,1661.41666666667
"San Mart\u00edn",2003,15,15117,1661.41666666667
"San Mart\u00edn",2003,20,15116,1661.41666666667
"San Mart\u00edn",2003,25,15114,1661.41666666667
"San Mart\u00edn",2003,30,15112,1661.41666666667
"San Mart\u00edn",2003,50,15086,1661.41666666667
"San Mart\u00edn",2003,75,14934,1661.41666666667
"San Mart\u00edn",2004,10,25252,1661.41666666667
"San Mart\u00edn",2004,15,25250,1661.41666666667
"San Mart\u00edn",2004,20,25246,1661.41666666667
"San Mart\u00edn",2004,25,25243,1661.41666666667
"San Mart\u00edn",2004,30,25238,1661.41666666667
"San Mart\u00edn",2004,50,25166,1661.41666666667
"San Mart\u00edn",2004,75,24885,1661.41666666667
"San Mart\u00edn",2005,10,37585,1661.41666666667
"San Mart\u00edn",2005,15,37580,1661.41666666667
"San Mart\u00edn",2005,20,37571,1661.41666666667
"San Mart\u00edn",2005,25,37563,1661.41666666667
"San Mart\u00edn",2005,30,37553,1661.41666666667
"San Mart\u00edn",2005,50,37398,1661.41666666667
"San Mart\u00edn",2005,75,36795,1661.41666666667
"San Mart\u00edn",2006,10,16924,1661.41666666667
"San Mart\u00edn",2006,15,16922,1661.41666666667
"San Mart\u00edn",2006,20,16921,1661.41666666667
"San Mart\u00edn",2006,25,16920,1661.41666666667
"San Mart\u00edn",2006,30,16919,1661.41666666667
"San Mart\u00edn",2006,50,16897,1661.41666666667
"San Mart\u00edn",2006,75,16787,1661.41666666667
"San Mart\u00edn",2007,10,38912,1661.41666666667
"San Mart\u00edn",2007,15,38910,1661.41666666667
"San Mart\u00edn",2007,20,38905,1661.41666666667
"San Mart\u00edn",2007,25,38902,1661.41666666667
"San Mart\u00edn",2007,30,38897,1661.41666666667
"San Mart\u00edn",2007,50,38815,1661.41666666667
"San Mart\u00edn",2007,75,38471,1661.41666666667
"San Mart\u00edn",2008,10,19643,1661.41666666667
"San Mart\u00edn",2008,15,19642,1661.41666666667
"San Mart\u00edn",2008,20,19640,1661.41666666667
"San Mart\u00edn",2008,25,19638,1661.41666666667
"San Mart\u00edn",2008,30,19637,1661.41666666667
"San Mart\u00edn",2008,50,19602,1661.41666666667
"San Mart\u00edn",2008,75,19478,1661.41666666667
"San Mart\u00edn",2009,10,44991,1661.41666666667
"San Mart\u00edn",2009,15,44985,1661.41666666667
"San Mart\u00edn",2009,20,44979,1661.41666666667
"San Mart\u00edn",2009,25,44971,1661.41666666667
"San Mart\u00edn",2009,30,44962,1661.41666666667
"San Mart\u00edn",2009,50,44840,1661.41666666667
"San Mart\u00edn",2009,75,44321,1661.41666666667
"San Mart\u00edn",2010,10,34813,1661.41666666667
"San Mart\u00edn",2010,15,34809,1661.41666666667
"San Mart\u00edn",2010,20,34803,1661.41666666667
"San Mart\u00edn",2010,25,34798,1661.41666666667
"San Mart\u00edn",2010,30,34791,1661.41666666667
"San Mart\u00edn",2010,50,34672,1661.41666666667
"San Mart\u00edn",2010,75,34335,1661.41666666667
"San Mart\u00edn",2011,10,23260,1661.41666666667
"San Mart\u00edn",2011,15,23257,1661.41666666667
"San Mart\u00edn",2011,20,23254,1661.41666666667
"San Mart\u00edn",2011,25,23251,1661.41666666667
"San Mart\u00edn",2011,30,23246,1661.41666666667
"San Mart\u00edn",2011,50,23174,1661.41666666667
"San Mart\u00edn",2011,75,22924,1661.41666666667
"San Mart\u00edn",2012,10,59519,1661.41666666667
"San Mart\u00edn",2012,15,59507,1661.41666666667
"San Mart\u00edn",2012,20,59490,1661.41666666667
"San Mart\u00edn",2012,25,59475,1661.41666666667
"San Mart\u00edn",2012,30,59456,1661.41666666667
"San Mart\u00edn",2012,50,59146,1661.41666666667
"San Mart\u00edn",2012,75,58005,1661.41666666667
"Tacna",2000,10,0,0
"Tacna",2000,15,0,0
"Tacna",2000,20,0,0
"Tacna",2000,25,0,0
"Tacna",2000,30,0,0
"Tacna",2000,50,0,0
"Tacna",2000,75,0,0
"Tacna",2001,10,0,0.166666666666667
"Tacna",2001,15,0,0.166666666666667
"Tacna",2001,20,0,0.166666666666667
"Tacna",2001,25,0,0.166666666666667
"Tacna",2001,30,0,0.166666666666667
"Tacna",2001,50,0,0.166666666666667
"Tacna",2001,75,0,0.166666666666667
"Tacna",2002,10,0,0.166666666666667
"Tacna",2002,15,0,0.166666666666667
"Tacna",2002,20,0,0.166666666666667
"Tacna",2002,25,0,0.166666666666667
"Tacna",2002,30,0,0.166666666666667
"Tacna",2002,50,0,0.166666666666667
"Tacna",2002,75,0,0.166666666666667
"Tacna",2003,10,0,0.166666666666667
"Tacna",2003,15,0,0.166666666666667
"Tacna",2003,20,0,0.166666666666667
"Tacna",2003,25,0,0.166666666666667
"Tacna",2003,30,0,0.166666666666667
"Tacna",2003,50,0,0.166666666666667
"Tacna",2003,75,0,0.166666666666667
"Tacna",2004,10,0,0.166666666666667
"Tacna",2004,15,0,0.166666666666667
"Tacna",2004,20,0,0.166666666666667
"Tacna",2004,25,0,0.166666666666667
"Tacna",2004,30,0,0.166666666666667
"Tacna",2004,50,0,0.166666666666667
"Tacna",2004,75,0,0.166666666666667
"Tacna",2005,10,0,0.166666666666667
"Tacna",2005,15,0,0.166666666666667
"Tacna",2005,20,0,0.166666666666667
"Tacna",2005,25,0,0.166666666666667
"Tacna",2005,30,0,0.166666666666667
"Tacna",2005,50,0,0.166666666666667
"Tacna",2005,75,0,0.166666666666667
"Tacna",2006,10,0,0.166666666666667
"Tacna",2006,15,0,0.166666666666667
"Tacna",2006,20,0,0.166666666666667
"Tacna",2006,25,0,0.166666666666667
"Tacna",2006,30,0,0.166666666666667
"Tacna",2006,50,0,0.166666666666667
"Tacna",2006,75,0,0.166666666666667
"Tacna",2007,10,0,0.166666666666667
"Tacna",2007,15,0,0.166666666666667
"Tacna",2007,20,0,0.166666666666667
"Tacna",2007,25,0,0.166666666666667
"Tacna",2007,30,0,0.166666666666667
"Tacna",2007,50,0,0.166666666666667
"Tacna",2007,75,0,0.166666666666667
"Tacna",2008,10,0,0.166666666666667
"Tacna",2008,15,0,0.166666666666667
"Tacna",2008,20,0,0.166666666666667
"Tacna",2008,25,0,0.166666666666667
"Tacna",2008,30,0,0.166666666666667
"Tacna",2008,50,0,0.166666666666667
"Tacna",2008,75,0,0.166666666666667
"Tacna",2009,10,0,0.166666666666667
"Tacna",2009,15,0,0.166666666666667
"Tacna",2009,20,0,0.166666666666667
"Tacna",2009,25,0,0.166666666666667
"Tacna",2009,30,0,0.166666666666667
"Tacna",2009,50,0,0.166666666666667
"Tacna",2009,75,0,0.166666666666667
"Tacna",2010,10,0,0.166666666666667
"Tacna",2010,15,0,0.166666666666667
"Tacna",2010,20,0,0.166666666666667
"Tacna",2010,25,0,0.166666666666667
"Tacna",2010,30,0,0.166666666666667
"Tacna",2010,50,0,0.166666666666667
"Tacna",2010,75,0,0.166666666666667
"Tacna",2011,10,0,0.166666666666667
"Tacna",2011,15,0,0.166666666666667
"Tacna",2011,20,0,0.166666666666667
"Tacna",2011,25,0,0.166666666666667
"Tacna",2011,30,0,0.166666666666667
"Tacna",2011,50,0,0.166666666666667
"Tacna",2011,75,0,0.166666666666667
"Tacna",2012,10,0,0.166666666666667
"Tacna",2012,15,0,0.166666666666667
"Tacna",2012,20,0,0.166666666666667
"Tacna",2012,25,0,0.166666666666667
"Tacna",2012,30,0,0.166666666666667
"Tacna",2012,50,0,0.166666666666667
"Tacna",2012,75,0,0.166666666666667
"Tumbes",2000,10,0,0
"Tumbes",2000,15,0,0
"Tumbes",2000,20,0,0
"Tumbes",2000,25,0,0
"Tumbes",2000,30,0,0
"Tumbes",2000,50,0,0
"Tumbes",2000,75,0,0
"Tumbes",2001,10,25,43.0833333333333
"Tumbes",2001,15,25,43.0833333333333
"Tumbes",2001,20,24,43.0833333333333
"Tumbes",2001,25,24,43.0833333333333
"Tumbes",2001,30,24,43.0833333333333
"Tumbes",2001,50,20,43.0833333333333
"Tumbes",2001,75,17,43.0833333333333
"Tumbes",2002,10,11,43.0833333333333
"Tumbes",2002,15,11,43.0833333333333
"Tumbes",2002,20,11,43.0833333333333
"Tumbes",2002,25,11,43.0833333333333
"Tumbes",2002,30,11,43.0833333333333
"Tumbes",2002,50,10,43.0833333333333
"Tumbes",2002,75,7,43.0833333333333
"Tumbes",2003,10,32,43.0833333333333
"Tumbes",2003,15,32,43.0833333333333
"Tumbes",2003,20,31,43.0833333333333
"Tumbes",2003,25,31,43.0833333333333
"Tumbes",2003,30,30,43.0833333333333
"Tumbes",2003,50,24,43.0833333333333
"Tumbes",2003,75,15,43.0833333333333
"Tumbes",2004,10,43,43.0833333333333
"Tumbes",2004,15,42,43.0833333333333
"Tumbes",2004,20,41,43.0833333333333
"Tumbes",2004,25,41,43.0833333333333
"Tumbes",2004,30,41,43.0833333333333
"Tumbes",2004,50,34,43.0833333333333
"Tumbes",2004,75,20,43.0833333333333
"Tumbes",2005,10,79,43.0833333333333
"Tumbes",2005,15,79,43.0833333333333
"Tumbes",2005,20,78,43.0833333333333
"Tumbes",2005,25,78,43.0833333333333
"Tumbes",2005,30,77,43.0833333333333
"Tumbes",2005,50,69,43.0833333333333
"Tumbes",2005,75,50,43.0833333333333
"Tumbes",2006,10,43,43.0833333333333
"Tumbes",2006,15,42,43.0833333333333
"Tumbes",2006,20,42,43.0833333333333
"Tumbes",2006,25,42,43.0833333333333
"Tumbes",2006,30,42,43.0833333333333
"Tumbes",2006,50,39,43.0833333333333
"Tumbes",2006,75,33,43.0833333333333
"Tumbes",2007,10,84,43.0833333333333
"Tumbes",2007,15,84,43.0833333333333
"Tumbes",2007,20,84,43.0833333333333
"Tumbes",2007,25,84,43.0833333333333
"Tumbes",2007,30,83,43.0833333333333
"Tumbes",2007,50,66,43.0833333333333
"Tumbes",2007,75,28,43.0833333333333
"Tumbes",2008,10,68,43.0833333333333
"Tumbes",2008,15,67,43.0833333333333
"Tumbes",2008,20,67,43.0833333333333
"Tumbes",2008,25,67,43.0833333333333
"Tumbes",2008,30,67,43.0833333333333
"Tumbes",2008,50,60,43.0833333333333
"Tumbes",2008,75,37,43.0833333333333
"Tumbes",2009,10,16,43.0833333333333
"Tumbes",2009,15,16,43.0833333333333
"Tumbes",2009,20,16,43.0833333333333
"Tumbes",2009,25,16,43.0833333333333
"Tumbes",2009,30,16,43.0833333333333
"Tumbes",2009,50,14,43.0833333333333
"Tumbes",2009,75,11,43.0833333333333
"Tumbes",2010,10,57,43.0833333333333
"Tumbes",2010,15,57,43.0833333333333
"Tumbes",2010,20,57,43.0833333333333
"Tumbes",2010,25,56,43.0833333333333
"Tumbes",2010,30,56,43.0833333333333
"Tumbes",2010,50,48,43.0833333333333
"Tumbes",2010,75,30,43.0833333333333
"Tumbes",2011,10,36,43.0833333333333
"Tumbes",2011,15,36,43.0833333333333
"Tumbes",2011,20,35,43.0833333333333
"Tumbes",2011,25,35,43.0833333333333
"Tumbes",2011,30,35,43.0833333333333
"Tumbes",2011,50,27,43.0833333333333
"Tumbes",2011,75,15,43.0833333333333
"Tumbes",2012,10,147,43.0833333333333
"Tumbes",2012,15,147,43.0833333333333
"Tumbes",2012,20,146,43.0833333333333
"Tumbes",2012,25,146,43.0833333333333
"Tumbes",2012,30,146,43.0833333333333
"Tumbes",2012,50,140,43.0833333333333
"Tumbes",2012,75,117,43.0833333333333
"Ucayali",2000,10,0,0
"Ucayali",2000,15,0,0
"Ucayali",2000,20,0,0
"Ucayali",2000,25,0,0
"Ucayali",2000,30,0,0
"Ucayali",2000,50,0,0
"Ucayali",2000,75,0,0
"Ucayali",2001,10,13210,3144.33333333333
"Ucayali",2001,15,13208,3144.33333333333
"Ucayali",2001,20,13204,3144.33333333333
"Ucayali",2001,25,13203,3144.33333333333
"Ucayali",2001,30,13198,3144.33333333333
"Ucayali",2001,50,13169,3144.33333333333
"Ucayali",2001,75,13046,3144.33333333333
"Ucayali",2002,10,12731,3144.33333333333
"Ucayali",2002,15,12728,3144.33333333333
"Ucayali",2002,20,12723,3144.33333333333
"Ucayali",2002,25,12721,3144.33333333333
"Ucayali",2002,30,12717,3144.33333333333
"Ucayali",2002,50,12679,3144.33333333333
"Ucayali",2002,75,12508,3144.33333333333
"Ucayali",2003,10,13205,3144.33333333333
"Ucayali",2003,15,13202,3144.33333333333
"Ucayali",2003,20,13199,3144.33333333333
"Ucayali",2003,25,13196,3144.33333333333
"Ucayali",2003,30,13192,3144.33333333333
"Ucayali",2003,50,13145,3144.33333333333
"Ucayali",2003,75,12948,3144.33333333333
"Ucayali",2004,10,12743,3144.33333333333
"Ucayali",2004,15,12742,3144.33333333333
"Ucayali",2004,20,12740,3144.33333333333
"Ucayali",2004,25,12738,3144.33333333333
"Ucayali",2004,30,12736,3144.33333333333
"Ucayali",2004,50,12709,3144.33333333333
"Ucayali",2004,75,12609,3144.33333333333
"Ucayali",2005,10,29496,3144.33333333333
"Ucayali",2005,15,29484,3144.33333333333
"Ucayali",2005,20,29466,3144.33333333333
"Ucayali",2005,25,29456,3144.33333333333
"Ucayali",2005,30,29441,3144.33333333333
"Ucayali",2005,50,29227,3144.33333333333
"Ucayali",2005,75,28451,3144.33333333333
"Ucayali",2006,10,15614,3144.33333333333
"Ucayali",2006,15,15612,3144.33333333333
"Ucayali",2006,20,15609,3144.33333333333
"Ucayali",2006,25,15606,3144.33333333333
"Ucayali",2006,30,15604,3144.33333333333
"Ucayali",2006,50,15564,3144.33333333333
"Ucayali",2006,75,15404,3144.33333333333
"Ucayali",2007,10,11668,3144.33333333333
"Ucayali",2007,15,11666,3144.33333333333
"Ucayali",2007,20,11663,3144.33333333333
"Ucayali",2007,25,11662,3144.33333333333
"Ucayali",2007,30,11659,3144.33333333333
"Ucayali",2007,50,11629,3144.33333333333
"Ucayali",2007,75,11525,3144.33333333333
"Ucayali",2008,10,22861,3144.33333333333
"Ucayali",2008,15,22858,3144.33333333333
"Ucayali",2008,20,22855,3144.33333333333
"Ucayali",2008,25,22852,3144.33333333333
"Ucayali",2008,30,22848,3144.33333333333
"Ucayali",2008,50,22799,3144.33333333333
"Ucayali",2008,75,22617,3144.33333333333
"Ucayali",2009,10,33585,3144.33333333333
"Ucayali",2009,15,33580,3144.33333333333
"Ucayali",2009,20,33573,3144.33333333333
"Ucayali",2009,25,33570,3144.33333333333
"Ucayali",2009,30,33561,3144.33333333333
"Ucayali",2009,50,33465,3144.33333333333
"Ucayali",2009,75,33125,3144.33333333333
"Ucayali",2010,10,20415,3144.33333333333
"Ucayali",2010,15,20412,3144.33333333333
"Ucayali",2010,20,20410,3144.33333333333
"Ucayali",2010,25,20408,3144.33333333333
"Ucayali",2010,30,20404,3144.33333333333
"Ucayali",2010,50,20357,3144.33333333333
"Ucayali",2010,75,20196,3144.33333333333
"Ucayali",2011,10,24469,3144.33333333333
"Ucayali",2011,15,24467,3144.33333333333
"Ucayali",2011,20,24464,3144.33333333333
"Ucayali",2011,25,24460,3144.33333333333
"Ucayali",2011,30,24457,3144.33333333333
"Ucayali",2011,50,24407,3144.33333333333
"Ucayali",2011,75,24208,3144.33333333333
"Ucayali",2012,10,37808,3144.33333333333
"Ucayali",2012,15,37803,3144.33333333333
"Ucayali",2012,20,37798,3144.33333333333
"Ucayali",2012,25,37793,3144.33333333333
"Ucayali",2012,30,37786,3144.33333333333
"Ucayali",2012,50,37699,3144.33333333333
"Ucayali",2012,75,37391,3144.33333333333
